id_sample,sample_name,plot,rep,experiment,environment,season,measurment,sampling_identifier,Height (cm),Width (cm),Date Of Measurement,PictureOfplot,NotesOfplot,PictureOfexperiment,NotesOfexperiment,Audio
1_a_ACRE-Biomass_Late_y22_width-height_sampling-2,a,1,1,ACRE-Biomass,Late,y22,width-height,sampling-2,74,63,7/28/2022,,,,,
1_b_ACRE-Biomass_Late_y22_width-height_sampling-2,b,1,1,ACRE-Biomass,Late,y22,width-height,sampling-2,57,68,7/28/2022,,,,,
1_c_ACRE-Biomass_Late_y22_width-height_sampling-2,c,1,1,ACRE-Biomass,Late,y22,width-height,sampling-2,66,58,7/28/2022,,,,,
1_d_ACRE-Biomass_Late_y22_width-height_sampling-2,d,1,1,ACRE-Biomass,Late,y22,width-height,sampling-2,60,66,7/28/2022,,,,,
2_a_ACRE-Biomass_Late_y22_width-height_sampling-2,a,2,1,ACRE-Biomass,Late,y22,width-height,sampling-2,66,74,7/28/2022,,,,,
2_b_ACRE-Biomass_Late_y22_width-height_sampling-2,b,2,1,ACRE-Biomass,Late,y22,width-height,sampling-2,69,63,7/28/2022,,,,,
2_c_ACRE-Biomass_Late_y22_width-height_sampling-2,c,2,1,ACRE-Biomass,Late,y22,width-height,sampling-2,74,70,7/28/2022,,,,,
2_d_ACRE-Biomass_Late_y22_width-height_sampling-2,d,2,1,ACRE-Biomass,Late,y22,width-height,sampling-2,59,70,7/28/2022,,,,,
3_a_ACRE-Biomass_Late_y22_width-height_sampling-2,a,3,1,ACRE-Biomass,Late,y22,width-height,sampling-2,70,70,7/28/2022,,,,,
3_b_ACRE-Biomass_Late_y22_width-height_sampling-2,b,3,1,ACRE-Biomass,Late,y22,width-height,sampling-2,69,62,7/28/2022,,,,,
3_c_ACRE-Biomass_Late_y22_width-height_sampling-2,c,3,1,ACRE-Biomass,Late,y22,width-height,sampling-2,58,56,7/28/2022,,,,,
3_d_ACRE-Biomass_Late_y22_width-height_sampling-2,d,3,1,ACRE-Biomass,Late,y22,width-height,sampling-2,68,60,7/28/2022,,,,,
4_a_ACRE-Biomass_Late_y22_width-height_sampling-2,a,4,1,ACRE-Biomass,Late,y22,width-height,sampling-2,64,60,7/28/2022,,,,,
4_b_ACRE-Biomass_Late_y22_width-height_sampling-2,b,4,1,ACRE-Biomass,Late,y22,width-height,sampling-2,57,58,7/28/2022,,,,,
4_c_ACRE-Biomass_Late_y22_width-height_sampling-2,c,4,1,ACRE-Biomass,Late,y22,width-height,sampling-2,60,56,7/28/2022,,,,,
4_d_ACRE-Biomass_Late_y22_width-height_sampling-2,d,4,1,ACRE-Biomass,Late,y22,width-height,sampling-2,62,60,7/28/2022,,,,,
5_a_ACRE-Biomass_Late_y22_width-height_sampling-2,a,5,1,ACRE-Biomass,Late,y22,width-height,sampling-2,63,61,7/28/2022,,,,,
5_b_ACRE-Biomass_Late_y22_width-height_sampling-2,b,5,1,ACRE-Biomass,Late,y22,width-height,sampling-2,60,62,7/28/2022,,,,,
5_c_ACRE-Biomass_Late_y22_width-height_sampling-2,c,5,1,ACRE-Biomass,Late,y22,width-height,sampling-2,50,50,7/28/2022,,,,,
5_d_ACRE-Biomass_Late_y22_width-height_sampling-2,d,5,1,ACRE-Biomass,Late,y22,width-height,sampling-2,55,59,7/28/2022,,,,,
6_a_ACRE-Biomass_Late_y22_width-height_sampling-2,a,6,1,ACRE-Biomass,Late,y22,width-height,sampling-2,57,68,7/28/2022,,,,,
6_b_ACRE-Biomass_Late_y22_width-height_sampling-2,b,6,1,ACRE-Biomass,Late,y22,width-height,sampling-2,60,53,7/28/2022,,,,,
6_c_ACRE-Biomass_Late_y22_width-height_sampling-2,c,6,1,ACRE-Biomass,Late,y22,width-height,sampling-2,57,60,7/28/2022,,,,,
6_d_ACRE-Biomass_Late_y22_width-height_sampling-2,d,6,1,ACRE-Biomass,Late,y22,width-height,sampling-2,57,61,7/28/2022,,,,,
7_a_ACRE-Biomass_Late_y22_width-height_sampling-2,a,7,1,ACRE-Biomass,Late,y22,width-height,sampling-2,61,60,7/28/2022,,,,,
7_b_ACRE-Biomass_Late_y22_width-height_sampling-2,b,7,1,ACRE-Biomass,Late,y22,width-height,sampling-2,66,62,7/28/2022,,,,,
7_c_ACRE-Biomass_Late_y22_width-height_sampling-2,c,7,1,ACRE-Biomass,Late,y22,width-height,sampling-2,74,66,7/28/2022,,,,,
7_d_ACRE-Biomass_Late_y22_width-height_sampling-2,d,7,1,ACRE-Biomass,Late,y22,width-height,sampling-2,71,70,7/28/2022,,,,,
8_a_ACRE-Biomass_Late_y22_width-height_sampling-2,a,8,1,ACRE-Biomass,Late,y22,width-height,sampling-2,60,65,7/28/2022,,,,,
8_b_ACRE-Biomass_Late_y22_width-height_sampling-2,b,8,1,ACRE-Biomass,Late,y22,width-height,sampling-2,67,66,7/28/2022,,,,,
8_c_ACRE-Biomass_Late_y22_width-height_sampling-2,c,8,1,ACRE-Biomass,Late,y22,width-height,sampling-2,75,57,7/28/2022,,,,,
8_d_ACRE-Biomass_Late_y22_width-height_sampling-2,d,8,1,ACRE-Biomass,Late,y22,width-height,sampling-2,59,56,7/28/2022,,,,,
9_a_ACRE-Biomass_Late_y22_width-height_sampling-2,a,9,1,ACRE-Biomass,Late,y22,width-height,sampling-2,69,60,7/28/2022,,,,,
9_b_ACRE-Biomass_Late_y22_width-height_sampling-2,b,9,1,ACRE-Biomass,Late,y22,width-height,sampling-2,66,65,7/28/2022,,,,,
9_c_ACRE-Biomass_Late_y22_width-height_sampling-2,c,9,1,ACRE-Biomass,Late,y22,width-height,sampling-2,60,77,7/28/2022,,,,,
9_d_ACRE-Biomass_Late_y22_width-height_sampling-2,d,9,1,ACRE-Biomass,Late,y22,width-height,sampling-2,70,70,7/28/2022,,,,,
10_a_ACRE-Biomass_Late_y22_width-height_sampling-2,a,10,1,ACRE-Biomass,Late,y22,width-height,sampling-2,62,67,7/28/2022,,,,,
10_b_ACRE-Biomass_Late_y22_width-height_sampling-2,b,10,1,ACRE-Biomass,Late,y22,width-height,sampling-2,60,60,7/28/2022,,,,,
10_c_ACRE-Biomass_Late_y22_width-height_sampling-2,c,10,1,ACRE-Biomass,Late,y22,width-height,sampling-2,66,64,7/28/2022,,,,,
10_d_ACRE-Biomass_Late_y22_width-height_sampling-2,d,10,1,ACRE-Biomass,Late,y22,width-height,sampling-2,67,59,7/28/2022,,,,,
11_a_ACRE-Biomass_Late_y22_width-height_sampling-2,a,11,1,ACRE-Biomass,Late,y22,width-height,sampling-2,61,76,7/28/2022,,,,,
11_b_ACRE-Biomass_Late_y22_width-height_sampling-2,b,11,1,ACRE-Biomass,Late,y22,width-height,sampling-2,58,61,7/28/2022,,,,,
11_c_ACRE-Biomass_Late_y22_width-height_sampling-2,c,11,1,ACRE-Biomass,Late,y22,width-height,sampling-2,65,69,7/28/2022,,,,,
11_d_ACRE-Biomass_Late_y22_width-height_sampling-2,d,11,1,ACRE-Biomass,Late,y22,width-height,sampling-2,50,53,7/28/2022,,,,,
12_a_ACRE-Biomass_Late_y22_width-height_sampling-2,a,12,1,ACRE-Biomass,Late,y22,width-height,sampling-2,56,51,7/28/2022,,,,,
12_b_ACRE-Biomass_Late_y22_width-height_sampling-2,b,12,1,ACRE-Biomass,Late,y22,width-height,sampling-2,54,54,7/28/2022,,,,,
12_c_ACRE-Biomass_Late_y22_width-height_sampling-2,c,12,1,ACRE-Biomass,Late,y22,width-height,sampling-2,63,60,7/28/2022,,,,,
12_d_ACRE-Biomass_Late_y22_width-height_sampling-2,d,12,1,ACRE-Biomass,Late,y22,width-height,sampling-2,58,60,7/28/2022,,,,,
13_a_ACRE-Biomass_Late_y22_width-height_sampling-2,a,13,1,ACRE-Biomass,Late,y22,width-height,sampling-2,65,63,7/28/2022,,,,,
13_b_ACRE-Biomass_Late_y22_width-height_sampling-2,b,13,1,ACRE-Biomass,Late,y22,width-height,sampling-2,65,65,7/28/2022,,,,,
13_c_ACRE-Biomass_Late_y22_width-height_sampling-2,c,13,1,ACRE-Biomass,Late,y22,width-height,sampling-2,57,52,7/28/2022,,,,,
13_d_ACRE-Biomass_Late_y22_width-height_sampling-2,d,13,1,ACRE-Biomass,Late,y22,width-height,sampling-2,64,58,7/28/2022,,,,,
14_a_ACRE-Biomass_Late_y22_width-height_sampling-2,a,14,1,ACRE-Biomass,Late,y22,width-height,sampling-2,59,63,7/28/2022,,,,,
14_b_ACRE-Biomass_Late_y22_width-height_sampling-2,b,14,1,ACRE-Biomass,Late,y22,width-height,sampling-2,62,54,7/28/2022,,,,,
14_c_ACRE-Biomass_Late_y22_width-height_sampling-2,c,14,1,ACRE-Biomass,Late,y22,width-height,sampling-2,45,60,7/28/2022,,,,,
14_d_ACRE-Biomass_Late_y22_width-height_sampling-2,d,14,1,ACRE-Biomass,Late,y22,width-height,sampling-2,65,55,7/28/2022,,,,,
15_a_ACRE-Biomass_Late_y22_width-height_sampling-2,a,15,1,ACRE-Biomass,Late,y22,width-height,sampling-2,47,65,7/28/2022,,,,,
15_b_ACRE-Biomass_Late_y22_width-height_sampling-2,b,15,1,ACRE-Biomass,Late,y22,width-height,sampling-2,65,65,7/28/2022,,,,,
15_c_ACRE-Biomass_Late_y22_width-height_sampling-2,c,15,1,ACRE-Biomass,Late,y22,width-height,sampling-2,51,54,7/28/2022,,,,,
15_d_ACRE-Biomass_Late_y22_width-height_sampling-2,d,15,1,ACRE-Biomass,Late,y22,width-height,sampling-2,55,55,7/28/2022,,,,,
16_a_ACRE-Biomass_Late_y22_width-height_sampling-2,a,16,1,ACRE-Biomass,Late,y22,width-height,sampling-2,51,59,7/28/2022,,,,,
16_b_ACRE-Biomass_Late_y22_width-height_sampling-2,b,16,1,ACRE-Biomass,Late,y22,width-height,sampling-2,63,68,7/28/2022,,,,,
16_c_ACRE-Biomass_Late_y22_width-height_sampling-2,c,16,1,ACRE-Biomass,Late,y22,width-height,sampling-2,60,60,7/28/2022,,,,,
16_d_ACRE-Biomass_Late_y22_width-height_sampling-2,d,16,1,ACRE-Biomass,Late,y22,width-height,sampling-2,59,53,7/28/2022,,,,,
17_a_ACRE-Biomass_Late_y22_width-height_sampling-2,a,17,1,ACRE-Biomass,Late,y22,width-height,sampling-2,45,60,7/28/2022,,,,,
17_b_ACRE-Biomass_Late_y22_width-height_sampling-2,b,17,1,ACRE-Biomass,Late,y22,width-height,sampling-2,53,62,7/28/2022,,,,,
17_c_ACRE-Biomass_Late_y22_width-height_sampling-2,c,17,1,ACRE-Biomass,Late,y22,width-height,sampling-2,47,56,7/28/2022,,,,,
17_d_ACRE-Biomass_Late_y22_width-height_sampling-2,d,17,1,ACRE-Biomass,Late,y22,width-height,sampling-2,60,60,7/28/2022,,,,,
18_a_ACRE-Biomass_Late_y22_width-height_sampling-2,a,18,1,ACRE-Biomass,Late,y22,width-height,sampling-2,53,69,7/28/2022,,,,,
18_b_ACRE-Biomass_Late_y22_width-height_sampling-2,b,18,1,ACRE-Biomass,Late,y22,width-height,sampling-2,56,65,7/28/2022,,,,,
18_c_ACRE-Biomass_Late_y22_width-height_sampling-2,c,18,1,ACRE-Biomass,Late,y22,width-height,sampling-2,47,54,7/28/2022,,,,,
18_d_ACRE-Biomass_Late_y22_width-height_sampling-2,d,18,1,ACRE-Biomass,Late,y22,width-height,sampling-2,50,54,7/28/2022,,,,,
19_a_ACRE-Biomass_Late_y22_width-height_sampling-2,a,19,1,ACRE-Biomass,Late,y22,width-height,sampling-2,60,70,7/28/2022,,,,,
19_b_ACRE-Biomass_Late_y22_width-height_sampling-2,b,19,1,ACRE-Biomass,Late,y22,width-height,sampling-2,67,65,7/28/2022,,,,,
19_c_ACRE-Biomass_Late_y22_width-height_sampling-2,c,19,1,ACRE-Biomass,Late,y22,width-height,sampling-2,70,65,7/28/2022,,,,,
19_d_ACRE-Biomass_Late_y22_width-height_sampling-2,d,19,1,ACRE-Biomass,Late,y22,width-height,sampling-2,70,72,7/28/2022,,,,,
20_a_ACRE-Biomass_Late_y22_width-height_sampling-2,a,20,1,ACRE-Biomass,Late,y22,width-height,sampling-2,60,63,7/28/2022,,,,,
20_b_ACRE-Biomass_Late_y22_width-height_sampling-2,b,20,1,ACRE-Biomass,Late,y22,width-height,sampling-2,60,70,7/28/2022,,,,,
20_c_ACRE-Biomass_Late_y22_width-height_sampling-2,c,20,1,ACRE-Biomass,Late,y22,width-height,sampling-2,50,56,7/28/2022,,,,,
20_d_ACRE-Biomass_Late_y22_width-height_sampling-2,d,20,1,ACRE-Biomass,Late,y22,width-height,sampling-2,50,64,7/28/2022,,,,,
21_a_ACRE-Biomass_Late_y22_width-height_sampling-2,a,21,1,ACRE-Biomass,Late,y22,width-height,sampling-2,68,58,7/28/2022,,,,,
21_b_ACRE-Biomass_Late_y22_width-height_sampling-2,b,21,1,ACRE-Biomass,Late,y22,width-height,sampling-2,60,73,7/28/2022,,,,,
21_c_ACRE-Biomass_Late_y22_width-height_sampling-2,c,21,1,ACRE-Biomass,Late,y22,width-height,sampling-2,63,72,7/28/2022,,,,,
21_d_ACRE-Biomass_Late_y22_width-height_sampling-2,d,21,1,ACRE-Biomass,Late,y22,width-height,sampling-2,71,65,7/28/2022,,,,,
22_a_ACRE-Biomass_Late_y22_width-height_sampling-2,a,22,1,ACRE-Biomass,Late,y22,width-height,sampling-2,47,64,7/28/2022,,,,,
22_b_ACRE-Biomass_Late_y22_width-height_sampling-2,b,22,1,ACRE-Biomass,Late,y22,width-height,sampling-2,60,72,7/28/2022,,,,,
22_c_ACRE-Biomass_Late_y22_width-height_sampling-2,c,22,1,ACRE-Biomass,Late,y22,width-height,sampling-2,59,70,7/28/2022,,,,,
22_d_ACRE-Biomass_Late_y22_width-height_sampling-2,d,22,1,ACRE-Biomass,Late,y22,width-height,sampling-2,55,72,7/28/2022,,,,,
23_a_ACRE-Biomass_Late_y22_width-height_sampling-2,a,23,1,ACRE-Biomass,Late,y22,width-height,sampling-2,59,55,7/28/2022,,,,,
23_b_ACRE-Biomass_Late_y22_width-height_sampling-2,b,23,1,ACRE-Biomass,Late,y22,width-height,sampling-2,50,57,7/28/2022,,,,,
23_c_ACRE-Biomass_Late_y22_width-height_sampling-2,c,23,1,ACRE-Biomass,Late,y22,width-height,sampling-2,62,63,7/28/2022,,,,,
23_d_ACRE-Biomass_Late_y22_width-height_sampling-2,d,23,1,ACRE-Biomass,Late,y22,width-height,sampling-2,62,73,7/28/2022,,,,,
24_a_ACRE-Biomass_Late_y22_width-height_sampling-2,a,24,1,ACRE-Biomass,Late,y22,width-height,sampling-2,70,63,7/28/2022,,,,,
24_b_ACRE-Biomass_Late_y22_width-height_sampling-2,b,24,1,ACRE-Biomass,Late,y22,width-height,sampling-2,67,69,7/28/2022,,,,,
24_c_ACRE-Biomass_Late_y22_width-height_sampling-2,c,24,1,ACRE-Biomass,Late,y22,width-height,sampling-2,74,70,7/28/2022,,,,,
24_d_ACRE-Biomass_Late_y22_width-height_sampling-2,d,24,1,ACRE-Biomass,Late,y22,width-height,sampling-2,70,75,7/28/2022,,,,,
25_a_ACRE-Biomass_Late_y22_width-height_sampling-2,a,25,1,ACRE-Biomass,Late,y22,width-height,sampling-2,71,67,7/28/2022,,,,,
25_b_ACRE-Biomass_Late_y22_width-height_sampling-2,b,25,1,ACRE-Biomass,Late,y22,width-height,sampling-2,66,61,7/28/2022,,,,,
25_c_ACRE-Biomass_Late_y22_width-height_sampling-2,c,25,1,ACRE-Biomass,Late,y22,width-height,sampling-2,69,61,7/28/2022,,,,,
25_d_ACRE-Biomass_Late_y22_width-height_sampling-2,d,25,1,ACRE-Biomass,Late,y22,width-height,sampling-2,62,63,7/28/2022,,,,,
26_a_ACRE-Biomass_Late_y22_width-height_sampling-2,a,26,2,ACRE-Biomass,Late,y22,width-height,sampling-2,60,70,7/28/2022,,,,,
26_b_ACRE-Biomass_Late_y22_width-height_sampling-2,b,26,2,ACRE-Biomass,Late,y22,width-height,sampling-2,62,65,7/28/2022,,,,,
26_c_ACRE-Biomass_Late_y22_width-height_sampling-2,c,26,2,ACRE-Biomass,Late,y22,width-height,sampling-2,66,70,7/28/2022,,,,,
26_d_ACRE-Biomass_Late_y22_width-height_sampling-2,d,26,2,ACRE-Biomass,Late,y22,width-height,sampling-2,63,65,7/28/2022,,,,,
27_a_ACRE-Biomass_Late_y22_width-height_sampling-2,a,27,2,ACRE-Biomass,Late,y22,width-height,sampling-2,67,70,7/28/2022,,,,,
27_b_ACRE-Biomass_Late_y22_width-height_sampling-2,b,27,2,ACRE-Biomass,Late,y22,width-height,sampling-2,67,72,7/28/2022,,,,,
27_c_ACRE-Biomass_Late_y22_width-height_sampling-2,c,27,2,ACRE-Biomass,Late,y22,width-height,sampling-2,62,69,7/28/2022,,,,,
27_d_ACRE-Biomass_Late_y22_width-height_sampling-2,d,27,2,ACRE-Biomass,Late,y22,width-height,sampling-2,65,56,7/28/2022,,,,,
28_a_ACRE-Biomass_Late_y22_width-height_sampling-2,a,28,2,ACRE-Biomass,Late,y22,width-height,sampling-2,60,60,7/28/2022,,,,,
28_b_ACRE-Biomass_Late_y22_width-height_sampling-2,b,28,2,ACRE-Biomass,Late,y22,width-height,sampling-2,52,63,7/28/2022,,,,,
28_c_ACRE-Biomass_Late_y22_width-height_sampling-2,c,28,2,ACRE-Biomass,Late,y22,width-height,sampling-2,68,70,7/28/2022,,,,,
28_d_ACRE-Biomass_Late_y22_width-height_sampling-2,d,28,2,ACRE-Biomass,Late,y22,width-height,sampling-2,69,64,7/28/2022,,,,,
29_a_ACRE-Biomass_Late_y22_width-height_sampling-2,a,29,2,ACRE-Biomass,Late,y22,width-height,sampling-2,66,55,7/28/2022,,,,,
29_b_ACRE-Biomass_Late_y22_width-height_sampling-2,b,29,2,ACRE-Biomass,Late,y22,width-height,sampling-2,62,66,7/28/2022,,,,,
29_c_ACRE-Biomass_Late_y22_width-height_sampling-2,c,29,2,ACRE-Biomass,Late,y22,width-height,sampling-2,56,57,7/28/2022,,,,,
29_d_ACRE-Biomass_Late_y22_width-height_sampling-2,d,29,2,ACRE-Biomass,Late,y22,width-height,sampling-2,61,71,7/28/2022,,,,,
30_a_ACRE-Biomass_Late_y22_width-height_sampling-2,a,30,2,ACRE-Biomass,Late,y22,width-height,sampling-2,68,66,7/28/2022,,,,,
30_b_ACRE-Biomass_Late_y22_width-height_sampling-2,b,30,2,ACRE-Biomass,Late,y22,width-height,sampling-2,74,70,7/28/2022,,,,,
30_c_ACRE-Biomass_Late_y22_width-height_sampling-2,c,30,2,ACRE-Biomass,Late,y22,width-height,sampling-2,72,61,7/28/2022,,,,,
30_d_ACRE-Biomass_Late_y22_width-height_sampling-2,d,30,2,ACRE-Biomass,Late,y22,width-height,sampling-2,60,67,7/28/2022,,,,,
31_a_ACRE-Biomass_Late_y22_width-height_sampling-2,a,31,2,ACRE-Biomass,Late,y22,width-height,sampling-2,61,60,7/28/2022,,,,,
31_b_ACRE-Biomass_Late_y22_width-height_sampling-2,b,31,2,ACRE-Biomass,Late,y22,width-height,sampling-2,62,61,7/28/2022,,,,,
31_c_ACRE-Biomass_Late_y22_width-height_sampling-2,c,31,2,ACRE-Biomass,Late,y22,width-height,sampling-2,68,60,7/28/2022,,,,,
31_d_ACRE-Biomass_Late_y22_width-height_sampling-2,d,31,2,ACRE-Biomass,Late,y22,width-height,sampling-2,70,61,7/28/2022,,,,,
32_a_ACRE-Biomass_Late_y22_width-height_sampling-2,a,32,2,ACRE-Biomass,Late,y22,width-height,sampling-2,56,61,7/28/2022,,,,,
32_b_ACRE-Biomass_Late_y22_width-height_sampling-2,b,32,2,ACRE-Biomass,Late,y22,width-height,sampling-2,61,56,7/28/2022,,,,,
32_c_ACRE-Biomass_Late_y22_width-height_sampling-2,c,32,2,ACRE-Biomass,Late,y22,width-height,sampling-2,55,51,7/28/2022,,,,,
32_d_ACRE-Biomass_Late_y22_width-height_sampling-2,d,32,2,ACRE-Biomass,Late,y22,width-height,sampling-2,62,57,7/28/2022,,,,,
33_a_ACRE-Biomass_Late_y22_width-height_sampling-2,a,33,2,ACRE-Biomass,Late,y22,width-height,sampling-2,68,70,7/28/2022,,,,,
33_b_ACRE-Biomass_Late_y22_width-height_sampling-2,b,33,2,ACRE-Biomass,Late,y22,width-height,sampling-2,72,64,7/28/2022,,,,,
33_c_ACRE-Biomass_Late_y22_width-height_sampling-2,c,33,2,ACRE-Biomass,Late,y22,width-height,sampling-2,58,74,7/28/2022,,,,,
33_d_ACRE-Biomass_Late_y22_width-height_sampling-2,d,33,2,ACRE-Biomass,Late,y22,width-height,sampling-2,60,62,7/28/2022,,,,,
34_a_ACRE-Biomass_Late_y22_width-height_sampling-2,a,34,2,ACRE-Biomass,Late,y22,width-height,sampling-2,66,66,7/28/2022,,,,,
34_b_ACRE-Biomass_Late_y22_width-height_sampling-2,b,34,2,ACRE-Biomass,Late,y22,width-height,sampling-2,68,55,7/28/2022,,,,,
34_c_ACRE-Biomass_Late_y22_width-height_sampling-2,c,34,2,ACRE-Biomass,Late,y22,width-height,sampling-2,60,66,7/28/2022,,,,,
34_d_ACRE-Biomass_Late_y22_width-height_sampling-2,d,34,2,ACRE-Biomass,Late,y22,width-height,sampling-2,67,69,7/28/2022,,,,,
35_a_ACRE-Biomass_Late_y22_width-height_sampling-2,a,35,2,ACRE-Biomass,Late,y22,width-height,sampling-2,65,67,7/28/2022,,,,,
35_b_ACRE-Biomass_Late_y22_width-height_sampling-2,b,35,2,ACRE-Biomass,Late,y22,width-height,sampling-2,62,65,7/28/2022,,,,,
35_c_ACRE-Biomass_Late_y22_width-height_sampling-2,c,35,2,ACRE-Biomass,Late,y22,width-height,sampling-2,65,70,7/28/2022,,,,,
35_d_ACRE-Biomass_Late_y22_width-height_sampling-2,d,35,2,ACRE-Biomass,Late,y22,width-height,sampling-2,59,69,7/28/2022,,,,,
36_a_ACRE-Biomass_Late_y22_width-height_sampling-2,a,36,2,ACRE-Biomass,Late,y22,width-height,sampling-2,67,74,7/28/2022,,,,,
36_b_ACRE-Biomass_Late_y22_width-height_sampling-2,b,36,2,ACRE-Biomass,Late,y22,width-height,sampling-2,60,78,7/28/2022,,,,,
36_c_ACRE-Biomass_Late_y22_width-height_sampling-2,c,36,2,ACRE-Biomass,Late,y22,width-height,sampling-2,65,70,7/28/2022,,,,,
36_d_ACRE-Biomass_Late_y22_width-height_sampling-2,d,36,2,ACRE-Biomass,Late,y22,width-height,sampling-2,52,70,7/28/2022,,,,,
37_a_ACRE-Biomass_Late_y22_width-height_sampling-2,a,37,2,ACRE-Biomass,Late,y22,width-height,sampling-2,66,61,7/28/2022,,,,,
37_b_ACRE-Biomass_Late_y22_width-height_sampling-2,b,37,2,ACRE-Biomass,Late,y22,width-height,sampling-2,60,66,7/28/2022,,,,,
37_c_ACRE-Biomass_Late_y22_width-height_sampling-2,c,37,2,ACRE-Biomass,Late,y22,width-height,sampling-2,64,66,7/28/2022,,,,,
37_d_ACRE-Biomass_Late_y22_width-height_sampling-2,d,37,2,ACRE-Biomass,Late,y22,width-height,sampling-2,63,63,7/28/2022,,,,,
38_a_ACRE-Biomass_Late_y22_width-height_sampling-2,a,38,2,ACRE-Biomass,Late,y22,width-height,sampling-2,55,58,7/28/2022,,,,,
38_b_ACRE-Biomass_Late_y22_width-height_sampling-2,b,38,2,ACRE-Biomass,Late,y22,width-height,sampling-2,56,58,7/28/2022,,,,,
38_c_ACRE-Biomass_Late_y22_width-height_sampling-2,c,38,2,ACRE-Biomass,Late,y22,width-height,sampling-2,62,66,7/28/2022,,,,,
38_d_ACRE-Biomass_Late_y22_width-height_sampling-2,d,38,2,ACRE-Biomass,Late,y22,width-height,sampling-2,57,63,7/28/2022,,,,,
39_a_ACRE-Biomass_Late_y22_width-height_sampling-2,a,39,2,ACRE-Biomass,Late,y22,width-height,sampling-2,68,67,7/28/2022,,,,,
39_b_ACRE-Biomass_Late_y22_width-height_sampling-2,b,39,2,ACRE-Biomass,Late,y22,width-height,sampling-2,64,66,7/28/2022,,,,,
39_c_ACRE-Biomass_Late_y22_width-height_sampling-2,c,39,2,ACRE-Biomass,Late,y22,width-height,sampling-2,59,62,7/28/2022,,,,,
39_d_ACRE-Biomass_Late_y22_width-height_sampling-2,d,39,2,ACRE-Biomass,Late,y22,width-height,sampling-2,55,60,7/28/2022,,,,,
40_a_ACRE-Biomass_Late_y22_width-height_sampling-2,a,40,2,ACRE-Biomass,Late,y22,width-height,sampling-2,63,66,7/28/2022,,,,,
40_b_ACRE-Biomass_Late_y22_width-height_sampling-2,b,40,2,ACRE-Biomass,Late,y22,width-height,sampling-2,67,70,7/28/2022,,,,,
40_c_ACRE-Biomass_Late_y22_width-height_sampling-2,c,40,2,ACRE-Biomass,Late,y22,width-height,sampling-2,64,71,7/28/2022,,,,,
40_d_ACRE-Biomass_Late_y22_width-height_sampling-2,d,40,2,ACRE-Biomass,Late,y22,width-height,sampling-2,61,69,7/28/2022,,,,,
41_a_ACRE-Biomass_Late_y22_width-height_sampling-2,a,41,2,ACRE-Biomass,Late,y22,width-height,sampling-2,53,55,7/28/2022,,,,,
41_b_ACRE-Biomass_Late_y22_width-height_sampling-2,b,41,2,ACRE-Biomass,Late,y22,width-height,sampling-2,60,61,7/28/2022,,,,,
41_c_ACRE-Biomass_Late_y22_width-height_sampling-2,c,41,2,ACRE-Biomass,Late,y22,width-height,sampling-2,60,65,7/28/2022,,,,,
41_d_ACRE-Biomass_Late_y22_width-height_sampling-2,d,41,2,ACRE-Biomass,Late,y22,width-height,sampling-2,68,63,7/28/2022,,,,,
42_a_ACRE-Biomass_Late_y22_width-height_sampling-2,a,42,2,ACRE-Biomass,Late,y22,width-height,sampling-2,59,63,7/28/2022,,,,,
42_b_ACRE-Biomass_Late_y22_width-height_sampling-2,b,42,2,ACRE-Biomass,Late,y22,width-height,sampling-2,52,65,7/28/2022,,,,,
42_c_ACRE-Biomass_Late_y22_width-height_sampling-2,c,42,2,ACRE-Biomass,Late,y22,width-height,sampling-2,51,65,7/28/2022,,,,,
42_d_ACRE-Biomass_Late_y22_width-height_sampling-2,d,42,2,ACRE-Biomass,Late,y22,width-height,sampling-2,50,56,7/28/2022,,,,,
43_a_ACRE-Biomass_Late_y22_width-height_sampling-2,a,43,2,ACRE-Biomass,Late,y22,width-height,sampling-2,53,60,7/28/2022,,,,,
43_b_ACRE-Biomass_Late_y22_width-height_sampling-2,b,43,2,ACRE-Biomass,Late,y22,width-height,sampling-2,62,60,7/28/2022,,,,,
43_c_ACRE-Biomass_Late_y22_width-height_sampling-2,c,43,2,ACRE-Biomass,Late,y22,width-height,sampling-2,56,66,7/28/2022,,,,,
43_d_ACRE-Biomass_Late_y22_width-height_sampling-2,d,43,2,ACRE-Biomass,Late,y22,width-height,sampling-2,59,65,7/28/2022,,,,,
44_a_ACRE-Biomass_Late_y22_width-height_sampling-2,a,44,2,ACRE-Biomass,Late,y22,width-height,sampling-2,49,46,7/28/2022,,,,,
44_b_ACRE-Biomass_Late_y22_width-height_sampling-2,b,44,2,ACRE-Biomass,Late,y22,width-height,sampling-2,60,70,7/28/2022,,,,,
44_c_ACRE-Biomass_Late_y22_width-height_sampling-2,c,44,2,ACRE-Biomass,Late,y22,width-height,sampling-2,55,57,7/28/2022,,,,,
44_d_ACRE-Biomass_Late_y22_width-height_sampling-2,d,44,2,ACRE-Biomass,Late,y22,width-height,sampling-2,58,60,7/28/2022,,,,,
45_a_ACRE-Biomass_Late_y22_width-height_sampling-2,a,45,2,ACRE-Biomass,Late,y22,width-height,sampling-2,60,62,7/28/2022,,,,,
45_b_ACRE-Biomass_Late_y22_width-height_sampling-2,b,45,2,ACRE-Biomass,Late,y22,width-height,sampling-2,59,58,7/28/2022,,,,,
45_c_ACRE-Biomass_Late_y22_width-height_sampling-2,c,45,2,ACRE-Biomass,Late,y22,width-height,sampling-2,61,60,7/28/2022,,,,,
45_d_ACRE-Biomass_Late_y22_width-height_sampling-2,d,45,2,ACRE-Biomass,Late,y22,width-height,sampling-2,60,56,7/28/2022,,,,,
46_a_ACRE-Biomass_Late_y22_width-height_sampling-2,a,46,2,ACRE-Biomass,Late,y22,width-height,sampling-2,52,70,7/28/2022,,,,,
46_b_ACRE-Biomass_Late_y22_width-height_sampling-2,b,46,2,ACRE-Biomass,Late,y22,width-height,sampling-2,65,71,7/28/2022,,,,,
46_c_ACRE-Biomass_Late_y22_width-height_sampling-2,c,46,2,ACRE-Biomass,Late,y22,width-height,sampling-2,50,68,7/28/2022,,,,,
46_d_ACRE-Biomass_Late_y22_width-height_sampling-2,d,46,2,ACRE-Biomass,Late,y22,width-height,sampling-2,54,66,7/28/2022,,,,,
47_a_ACRE-Biomass_Late_y22_width-height_sampling-2,a,47,2,ACRE-Biomass,Late,y22,width-height,sampling-2,59,60,7/28/2022,,,,,
47_b_ACRE-Biomass_Late_y22_width-height_sampling-2,b,47,2,ACRE-Biomass,Late,y22,width-height,sampling-2,61,61,7/28/2022,,,,,
47_c_ACRE-Biomass_Late_y22_width-height_sampling-2,c,47,2,ACRE-Biomass,Late,y22,width-height,sampling-2,61,64,7/28/2022,,,,,
47_d_ACRE-Biomass_Late_y22_width-height_sampling-2,d,47,2,ACRE-Biomass,Late,y22,width-height,sampling-2,54,59,7/28/2022,,,,,
48_a_ACRE-Biomass_Late_y22_width-height_sampling-2,a,48,2,ACRE-Biomass,Late,y22,width-height,sampling-2,62,67,7/28/2022,,,,,
48_b_ACRE-Biomass_Late_y22_width-height_sampling-2,b,48,2,ACRE-Biomass,Late,y22,width-height,sampling-2,68,72,7/28/2022,,,,,
48_c_ACRE-Biomass_Late_y22_width-height_sampling-2,c,48,2,ACRE-Biomass,Late,y22,width-height,sampling-2,58,68,7/28/2022,,,,,
48_d_ACRE-Biomass_Late_y22_width-height_sampling-2,d,48,2,ACRE-Biomass,Late,y22,width-height,sampling-2,62,59,7/28/2022,,,,,
49_a_ACRE-Biomass_Late_y22_width-height_sampling-2,a,49,2,ACRE-Biomass,Late,y22,width-height,sampling-2,67,70,7/28/2022,,,,,
49_b_ACRE-Biomass_Late_y22_width-height_sampling-2,b,49,2,ACRE-Biomass,Late,y22,width-height,sampling-2,74,67,7/28/2022,,,,,
49_c_ACRE-Biomass_Late_y22_width-height_sampling-2,c,49,2,ACRE-Biomass,Late,y22,width-height,sampling-2,61,68,7/28/2022,,,,,
49_d_ACRE-Biomass_Late_y22_width-height_sampling-2,d,49,2,ACRE-Biomass,Late,y22,width-height,sampling-2,62,60,7/28/2022,,,,,
50_a_ACRE-Biomass_Late_y22_width-height_sampling-2,a,50,2,ACRE-Biomass,Late,y22,width-height,sampling-2,61,57,7/28/2022,,,,,
50_b_ACRE-Biomass_Late_y22_width-height_sampling-2,b,50,2,ACRE-Biomass,Late,y22,width-height,sampling-2,62,58,7/28/2022,,,,,
50_c_ACRE-Biomass_Late_y22_width-height_sampling-2,c,50,2,ACRE-Biomass,Late,y22,width-height,sampling-2,56,50,7/28/2022,,,,,
50_d_ACRE-Biomass_Late_y22_width-height_sampling-2,d,50,2,ACRE-Biomass,Late,y22,width-height,sampling-2,50,61,7/28/2022,,,,,
51_a_ACRE-Biomass_Late_y22_width-height_sampling-2,a,51,3,ACRE-Biomass,Late,y22,width-height,sampling-2,64,60,7/28/2022,,,,,
51_b_ACRE-Biomass_Late_y22_width-height_sampling-2,b,51,3,ACRE-Biomass,Late,y22,width-height,sampling-2,68,68,7/28/2022,,,,,
51_c_ACRE-Biomass_Late_y22_width-height_sampling-2,c,51,3,ACRE-Biomass,Late,y22,width-height,sampling-2,58,60,7/28/2022,,,,,
51_d_ACRE-Biomass_Late_y22_width-height_sampling-2,d,51,3,ACRE-Biomass,Late,y22,width-height,sampling-2,67,66,7/28/2022,,,,,
52_a_ACRE-Biomass_Late_y22_width-height_sampling-2,a,52,3,ACRE-Biomass,Late,y22,width-height,sampling-2,65,61,7/28/2022,,,,,
52_b_ACRE-Biomass_Late_y22_width-height_sampling-2,b,52,3,ACRE-Biomass,Late,y22,width-height,sampling-2,52,46,7/28/2022,,,,,
52_c_ACRE-Biomass_Late_y22_width-height_sampling-2,c,52,3,ACRE-Biomass,Late,y22,width-height,sampling-2,58,55,7/28/2022,,,,,
52_d_ACRE-Biomass_Late_y22_width-height_sampling-2,d,52,3,ACRE-Biomass,Late,y22,width-height,sampling-2,62,65,7/28/2022,,,,,
53_a_ACRE-Biomass_Late_y22_width-height_sampling-2,a,53,3,ACRE-Biomass,Late,y22,width-height,sampling-2,64,51,7/28/2022,,,,,
53_b_ACRE-Biomass_Late_y22_width-height_sampling-2,b,53,3,ACRE-Biomass,Late,y22,width-height,sampling-2,59,49,7/28/2022,,,,,
53_c_ACRE-Biomass_Late_y22_width-height_sampling-2,c,53,3,ACRE-Biomass,Late,y22,width-height,sampling-2,70,50,7/28/2022,,,,,
53_d_ACRE-Biomass_Late_y22_width-height_sampling-2,d,53,3,ACRE-Biomass,Late,y22,width-height,sampling-2,61,49,7/28/2022,,,,,
54_a_ACRE-Biomass_Late_y22_width-height_sampling-2,a,54,3,ACRE-Biomass,Late,y22,width-height,sampling-2,54,53,7/28/2022,,,,,
54_b_ACRE-Biomass_Late_y22_width-height_sampling-2,b,54,3,ACRE-Biomass,Late,y22,width-height,sampling-2,60,53,7/28/2022,,,,,
54_c_ACRE-Biomass_Late_y22_width-height_sampling-2,c,54,3,ACRE-Biomass,Late,y22,width-height,sampling-2,50,52,7/28/2022,,,,,
54_d_ACRE-Biomass_Late_y22_width-height_sampling-2,d,54,3,ACRE-Biomass,Late,y22,width-height,sampling-2,55,54,7/28/2022,,,,,
55_a_ACRE-Biomass_Late_y22_width-height_sampling-2,a,55,3,ACRE-Biomass,Late,y22,width-height,sampling-2,55,60,7/28/2022,,,,,
55_b_ACRE-Biomass_Late_y22_width-height_sampling-2,b,55,3,ACRE-Biomass,Late,y22,width-height,sampling-2,59,54,7/28/2022,,,,,
55_c_ACRE-Biomass_Late_y22_width-height_sampling-2,c,55,3,ACRE-Biomass,Late,y22,width-height,sampling-2,60,62,7/28/2022,,,,,
55_d_ACRE-Biomass_Late_y22_width-height_sampling-2,d,55,3,ACRE-Biomass,Late,y22,width-height,sampling-2,60,60,7/28/2022,,,,,
56_a_ACRE-Biomass_Late_y22_width-height_sampling-2,a,56,3,ACRE-Biomass,Late,y22,width-height,sampling-2,61,60,7/28/2022,,,,,
56_b_ACRE-Biomass_Late_y22_width-height_sampling-2,b,56,3,ACRE-Biomass,Late,y22,width-height,sampling-2,51,55,7/28/2022,,,,,
56_c_ACRE-Biomass_Late_y22_width-height_sampling-2,c,56,3,ACRE-Biomass,Late,y22,width-height,sampling-2,56,58,7/28/2022,,,,,
56_d_ACRE-Biomass_Late_y22_width-height_sampling-2,d,56,3,ACRE-Biomass,Late,y22,width-height,sampling-2,53,60,7/28/2022,,,,,
57_a_ACRE-Biomass_Late_y22_width-height_sampling-2,a,57,3,ACRE-Biomass,Late,y22,width-height,sampling-2,55,61,7/28/2022,,,,,
57_b_ACRE-Biomass_Late_y22_width-height_sampling-2,b,57,3,ACRE-Biomass,Late,y22,width-height,sampling-2,57,68,7/28/2022,,,,,
57_c_ACRE-Biomass_Late_y22_width-height_sampling-2,c,57,3,ACRE-Biomass,Late,y22,width-height,sampling-2,46,69,7/28/2022,,,,,
57_d_ACRE-Biomass_Late_y22_width-height_sampling-2,d,57,3,ACRE-Biomass,Late,y22,width-height,sampling-2,46,60,7/28/2022,,,,,
58_a_ACRE-Biomass_Late_y22_width-height_sampling-2,a,58,3,ACRE-Biomass,Late,y22,width-height,sampling-2,63,60,7/28/2022,,,,,
58_b_ACRE-Biomass_Late_y22_width-height_sampling-2,b,58,3,ACRE-Biomass,Late,y22,width-height,sampling-2,60,60,7/28/2022,,,,,
58_c_ACRE-Biomass_Late_y22_width-height_sampling-2,c,58,3,ACRE-Biomass,Late,y22,width-height,sampling-2,52,60,7/28/2022,,,,,
58_d_ACRE-Biomass_Late_y22_width-height_sampling-2,d,58,3,ACRE-Biomass,Late,y22,width-height,sampling-2,50,57,7/28/2022,,,,,
59_a_ACRE-Biomass_Late_y22_width-height_sampling-2,a,59,3,ACRE-Biomass,Late,y22,width-height,sampling-2,59,65,7/28/2022,,,,,
59_b_ACRE-Biomass_Late_y22_width-height_sampling-2,b,59,3,ACRE-Biomass,Late,y22,width-height,sampling-2,57,57,7/28/2022,,,,,
59_c_ACRE-Biomass_Late_y22_width-height_sampling-2,c,59,3,ACRE-Biomass,Late,y22,width-height,sampling-2,53,54,7/28/2022,,,,,
59_d_ACRE-Biomass_Late_y22_width-height_sampling-2,d,59,3,ACRE-Biomass,Late,y22,width-height,sampling-2,60,59,7/28/2022,,,,,
60_a_ACRE-Biomass_Late_y22_width-height_sampling-2,a,60,3,ACRE-Biomass,Late,y22,width-height,sampling-2,56,68,7/28/2022,,,,,
60_b_ACRE-Biomass_Late_y22_width-height_sampling-2,b,60,3,ACRE-Biomass,Late,y22,width-height,sampling-2,56,62,7/28/2022,,,,,
60_c_ACRE-Biomass_Late_y22_width-height_sampling-2,c,60,3,ACRE-Biomass,Late,y22,width-height,sampling-2,60,64,7/28/2022,,,,,
60_d_ACRE-Biomass_Late_y22_width-height_sampling-2,d,60,3,ACRE-Biomass,Late,y22,width-height,sampling-2,60,63,7/28/2022,,,,,
61_a_ACRE-Biomass_Late_y22_width-height_sampling-2,a,61,3,ACRE-Biomass,Late,y22,width-height,sampling-2,62,70,7/28/2022,,,,,
61_b_ACRE-Biomass_Late_y22_width-height_sampling-2,b,61,3,ACRE-Biomass,Late,y22,width-height,sampling-2,59,61,7/28/2022,,,,,
61_c_ACRE-Biomass_Late_y22_width-height_sampling-2,c,61,3,ACRE-Biomass,Late,y22,width-height,sampling-2,60,59,7/28/2022,,,,,
61_d_ACRE-Biomass_Late_y22_width-height_sampling-2,d,61,3,ACRE-Biomass,Late,y22,width-height,sampling-2,59,56,7/28/2022,,,,,
62_a_ACRE-Biomass_Late_y22_width-height_sampling-2,a,62,3,ACRE-Biomass,Late,y22,width-height,sampling-2,55,61,7/28/2022,,,,,
62_b_ACRE-Biomass_Late_y22_width-height_sampling-2,b,62,3,ACRE-Biomass,Late,y22,width-height,sampling-2,57,55,7/28/2022,,,,,
62_c_ACRE-Biomass_Late_y22_width-height_sampling-2,c,62,3,ACRE-Biomass,Late,y22,width-height,sampling-2,53,47,7/28/2022,,,,,
62_d_ACRE-Biomass_Late_y22_width-height_sampling-2,d,62,3,ACRE-Biomass,Late,y22,width-height,sampling-2,50,50,7/28/2022,,,,,
63_a_ACRE-Biomass_Late_y22_width-height_sampling-2,a,63,3,ACRE-Biomass,Late,y22,width-height,sampling-2,75,54,7/28/2022,,,,,
63_b_ACRE-Biomass_Late_y22_width-height_sampling-2,b,63,3,ACRE-Biomass,Late,y22,width-height,sampling-2,69,60,7/28/2022,,,,,
63_c_ACRE-Biomass_Late_y22_width-height_sampling-2,c,63,3,ACRE-Biomass,Late,y22,width-height,sampling-2,72,60,7/28/2022,,,,,
63_d_ACRE-Biomass_Late_y22_width-height_sampling-2,d,63,3,ACRE-Biomass,Late,y22,width-height,sampling-2,59,51,7/28/2022,,,,,
64_a_ACRE-Biomass_Late_y22_width-height_sampling-2,a,64,3,ACRE-Biomass,Late,y22,width-height,sampling-2,60,70,7/28/2022,,,,,
64_b_ACRE-Biomass_Late_y22_width-height_sampling-2,b,64,3,ACRE-Biomass,Late,y22,width-height,sampling-2,63,71,7/28/2022,,,,,
64_c_ACRE-Biomass_Late_y22_width-height_sampling-2,c,64,3,ACRE-Biomass,Late,y22,width-height,sampling-2,59,59,7/28/2022,,,,,
64_d_ACRE-Biomass_Late_y22_width-height_sampling-2,d,64,3,ACRE-Biomass,Late,y22,width-height,sampling-2,61,62,7/28/2022,,,,,
65_a_ACRE-Biomass_Late_y22_width-height_sampling-2,a,65,3,ACRE-Biomass,Late,y22,width-height,sampling-2,56,60,7/28/2022,,,,,
65_b_ACRE-Biomass_Late_y22_width-height_sampling-2,b,65,3,ACRE-Biomass,Late,y22,width-height,sampling-2,57,60,7/28/2022,,,,,
65_c_ACRE-Biomass_Late_y22_width-height_sampling-2,c,65,3,ACRE-Biomass,Late,y22,width-height,sampling-2,50,52,7/28/2022,,,,,
65_d_ACRE-Biomass_Late_y22_width-height_sampling-2,d,65,3,ACRE-Biomass,Late,y22,width-height,sampling-2,60,60,7/28/2022,,,,,
66_a_ACRE-Biomass_Late_y22_width-height_sampling-2,a,66,3,ACRE-Biomass,Late,y22,width-height,sampling-2,58,55,7/28/2022,,,,,
66_b_ACRE-Biomass_Late_y22_width-height_sampling-2,b,66,3,ACRE-Biomass,Late,y22,width-height,sampling-2,57,52,7/28/2022,,,,,
66_c_ACRE-Biomass_Late_y22_width-height_sampling-2,c,66,3,ACRE-Biomass,Late,y22,width-height,sampling-2,50,63,7/28/2022,,,,,
66_d_ACRE-Biomass_Late_y22_width-height_sampling-2,d,66,3,ACRE-Biomass,Late,y22,width-height,sampling-2,54,50,7/28/2022,,,,,
67_a_ACRE-Biomass_Late_y22_width-height_sampling-2,a,67,3,ACRE-Biomass,Late,y22,width-height,sampling-2,57,60,7/28/2022,,,,,
67_b_ACRE-Biomass_Late_y22_width-height_sampling-2,b,67,3,ACRE-Biomass,Late,y22,width-height,sampling-2,61,60,7/28/2022,,,,,
67_c_ACRE-Biomass_Late_y22_width-height_sampling-2,c,67,3,ACRE-Biomass,Late,y22,width-height,sampling-2,51,60,7/28/2022,,,,,
67_d_ACRE-Biomass_Late_y22_width-height_sampling-2,d,67,3,ACRE-Biomass,Late,y22,width-height,sampling-2,53,53,7/28/2022,,,,,
68_a_ACRE-Biomass_Late_y22_width-height_sampling-2,a,68,3,ACRE-Biomass,Late,y22,width-height,sampling-2,58,60,7/28/2022,,,,,
68_b_ACRE-Biomass_Late_y22_width-height_sampling-2,b,68,3,ACRE-Biomass,Late,y22,width-height,sampling-2,53,56,7/28/2022,,,,,
68_c_ACRE-Biomass_Late_y22_width-height_sampling-2,c,68,3,ACRE-Biomass,Late,y22,width-height,sampling-2,58,66,7/28/2022,,,,,
68_d_ACRE-Biomass_Late_y22_width-height_sampling-2,d,68,3,ACRE-Biomass,Late,y22,width-height,sampling-2,61,70,7/28/2022,,,,,
69_a_ACRE-Biomass_Late_y22_width-height_sampling-2,a,69,3,ACRE-Biomass,Late,y22,width-height,sampling-2,60,63,7/28/2022,,,,,
69_b_ACRE-Biomass_Late_y22_width-height_sampling-2,b,69,3,ACRE-Biomass,Late,y22,width-height,sampling-2,62,62,7/28/2022,,,,,
69_c_ACRE-Biomass_Late_y22_width-height_sampling-2,c,69,3,ACRE-Biomass,Late,y22,width-height,sampling-2,66,74,7/28/2022,,,,,
69_d_ACRE-Biomass_Late_y22_width-height_sampling-2,d,69,3,ACRE-Biomass,Late,y22,width-height,sampling-2,65,59,7/28/2022,,,,,
70_a_ACRE-Biomass_Late_y22_width-height_sampling-2,a,70,3,ACRE-Biomass,Late,y22,width-height,sampling-2,65,70,7/28/2022,,,,,
70_b_ACRE-Biomass_Late_y22_width-height_sampling-2,b,70,3,ACRE-Biomass,Late,y22,width-height,sampling-2,50,62,7/28/2022,,,,,
70_c_ACRE-Biomass_Late_y22_width-height_sampling-2,c,70,3,ACRE-Biomass,Late,y22,width-height,sampling-2,45,54,7/28/2022,,,,,
70_d_ACRE-Biomass_Late_y22_width-height_sampling-2,d,70,3,ACRE-Biomass,Late,y22,width-height,sampling-2,55,51,7/28/2022,,,,,
71_a_ACRE-Biomass_Late_y22_width-height_sampling-2,a,71,3,ACRE-Biomass,Late,y22,width-height,sampling-2,59,70,7/28/2022,,,,,
71_b_ACRE-Biomass_Late_y22_width-height_sampling-2,b,71,3,ACRE-Biomass,Late,y22,width-height,sampling-2,63,63,7/28/2022,,,,,
71_c_ACRE-Biomass_Late_y22_width-height_sampling-2,c,71,3,ACRE-Biomass,Late,y22,width-height,sampling-2,62,64,7/28/2022,,,,,
71_d_ACRE-Biomass_Late_y22_width-height_sampling-2,d,71,3,ACRE-Biomass,Late,y22,width-height,sampling-2,65,70,7/28/2022,,,,,
72_a_ACRE-Biomass_Late_y22_width-height_sampling-2,a,72,3,ACRE-Biomass,Late,y22,width-height,sampling-2,56,50,7/28/2022,,,,,
72_b_ACRE-Biomass_Late_y22_width-height_sampling-2,b,72,3,ACRE-Biomass,Late,y22,width-height,sampling-2,63,58,7/28/2022,,,,,
72_c_ACRE-Biomass_Late_y22_width-height_sampling-2,c,72,3,ACRE-Biomass,Late,y22,width-height,sampling-2,60,58,7/28/2022,,,,,
72_d_ACRE-Biomass_Late_y22_width-height_sampling-2,d,72,3,ACRE-Biomass,Late,y22,width-height,sampling-2,63,58,7/28/2022,,,,,
73_a_ACRE-Biomass_Late_y22_width-height_sampling-2,a,73,3,ACRE-Biomass,Late,y22,width-height,sampling-2,70,65,7/28/2022,,,,,
73_b_ACRE-Biomass_Late_y22_width-height_sampling-2,b,73,3,ACRE-Biomass,Late,y22,width-height,sampling-2,72,60,7/28/2022,,,,,
73_c_ACRE-Biomass_Late_y22_width-height_sampling-2,c,73,3,ACRE-Biomass,Late,y22,width-height,sampling-2,60,65,7/28/2022,,,,,
73_d_ACRE-Biomass_Late_y22_width-height_sampling-2,d,73,3,ACRE-Biomass,Late,y22,width-height,sampling-2,67,64,7/28/2022,,,,,
74_a_ACRE-Biomass_Late_y22_width-height_sampling-2,a,74,3,ACRE-Biomass,Late,y22,width-height,sampling-2,60,60,7/28/2022,,,,,
74_b_ACRE-Biomass_Late_y22_width-height_sampling-2,b,74,3,ACRE-Biomass,Late,y22,width-height,sampling-2,53,63,7/28/2022,,,,,
74_c_ACRE-Biomass_Late_y22_width-height_sampling-2,c,74,3,ACRE-Biomass,Late,y22,width-height,sampling-2,57,59,7/28/2022,,,,,
74_d_ACRE-Biomass_Late_y22_width-height_sampling-2,d,74,3,ACRE-Biomass,Late,y22,width-height,sampling-2,55,58,7/28/2022,,,,,
75_a_ACRE-Biomass_Late_y22_width-height_sampling-2,a,75,3,ACRE-Biomass,Late,y22,width-height,sampling-2,64,62,7/28/2022,,,,,
75_b_ACRE-Biomass_Late_y22_width-height_sampling-2,b,75,3,ACRE-Biomass,Late,y22,width-height,sampling-2,59,50,7/28/2022,,,,,
75_c_ACRE-Biomass_Late_y22_width-height_sampling-2,c,75,3,ACRE-Biomass,Late,y22,width-height,sampling-2,55,61,7/28/2022,,,,,
75_d_ACRE-Biomass_Late_y22_width-height_sampling-2,d,75,3,ACRE-Biomass,Late,y22,width-height,sampling-2,43,65,7/28/2022,,,,,
76_a_ACRE-Biomass_Late_y22_width-height_sampling-2,a,76,4,ACRE-Biomass,Late,y22,width-height,sampling-2,54,60,7/28/2022,,,,,
76_b_ACRE-Biomass_Late_y22_width-height_sampling-2,b,76,4,ACRE-Biomass,Late,y22,width-height,sampling-2,56,59,7/28/2022,,,,,
76_c_ACRE-Biomass_Late_y22_width-height_sampling-2,c,76,4,ACRE-Biomass,Late,y22,width-height,sampling-2,57,55,7/28/2022,,,,,
76_d_ACRE-Biomass_Late_y22_width-height_sampling-2,d,76,4,ACRE-Biomass,Late,y22,width-height,sampling-2,57,60,7/28/2022,,,,,
77_a_ACRE-Biomass_Late_y22_width-height_sampling-2,a,77,4,ACRE-Biomass,Late,y22,width-height,sampling-2,58,61,7/28/2022,,,,,
77_b_ACRE-Biomass_Late_y22_width-height_sampling-2,b,77,4,ACRE-Biomass,Late,y22,width-height,sampling-2,70,60,7/28/2022,,,,,
77_c_ACRE-Biomass_Late_y22_width-height_sampling-2,c,77,4,ACRE-Biomass,Late,y22,width-height,sampling-2,63,62,7/28/2022,,,,,
77_d_ACRE-Biomass_Late_y22_width-height_sampling-2,d,77,4,ACRE-Biomass,Late,y22,width-height,sampling-2,61,52,7/28/2022,,,,,
78_a_ACRE-Biomass_Late_y22_width-height_sampling-2,a,78,4,ACRE-Biomass,Late,y22,width-height,sampling-2,60,60,7/28/2022,,,,,
78_b_ACRE-Biomass_Late_y22_width-height_sampling-2,b,78,4,ACRE-Biomass,Late,y22,width-height,sampling-2,60,70,7/28/2022,,,,,
78_c_ACRE-Biomass_Late_y22_width-height_sampling-2,c,78,4,ACRE-Biomass,Late,y22,width-height,sampling-2,58,68,7/28/2022,,,,,
78_d_ACRE-Biomass_Late_y22_width-height_sampling-2,d,78,4,ACRE-Biomass,Late,y22,width-height,sampling-2,62,67,7/28/2022,,,,,
79_a_ACRE-Biomass_Late_y22_width-height_sampling-2,a,79,4,ACRE-Biomass,Late,y22,width-height,sampling-2,61,54,7/28/2022,,,,,
79_b_ACRE-Biomass_Late_y22_width-height_sampling-2,b,79,4,ACRE-Biomass,Late,y22,width-height,sampling-2,55,51,7/28/2022,,,,,
79_c_ACRE-Biomass_Late_y22_width-height_sampling-2,c,79,4,ACRE-Biomass,Late,y22,width-height,sampling-2,56,60,7/28/2022,,,,,
79_d_ACRE-Biomass_Late_y22_width-height_sampling-2,d,79,4,ACRE-Biomass,Late,y22,width-height,sampling-2,52,61,7/28/2022,,,,,
80_a_ACRE-Biomass_Late_y22_width-height_sampling-2,a,80,4,ACRE-Biomass,Late,y22,width-height,sampling-2,53,60,7/28/2022,,,,,
80_b_ACRE-Biomass_Late_y22_width-height_sampling-2,b,80,4,ACRE-Biomass,Late,y22,width-height,sampling-2,60,62,7/28/2022,,,,,
80_c_ACRE-Biomass_Late_y22_width-height_sampling-2,c,80,4,ACRE-Biomass,Late,y22,width-height,sampling-2,60,64,7/28/2022,,,,,
80_d_ACRE-Biomass_Late_y22_width-height_sampling-2,d,80,4,ACRE-Biomass,Late,y22,width-height,sampling-2,60,64,7/28/2022,,,,,
81_a_ACRE-Biomass_Late_y22_width-height_sampling-2,a,81,4,ACRE-Biomass,Late,y22,width-height,sampling-2,60,54,7/28/2022,,,,,
81_b_ACRE-Biomass_Late_y22_width-height_sampling-2,b,81,4,ACRE-Biomass,Late,y22,width-height,sampling-2,60,55,7/28/2022,,,,,
81_c_ACRE-Biomass_Late_y22_width-height_sampling-2,c,81,4,ACRE-Biomass,Late,y22,width-height,sampling-2,64,61,7/28/2022,,,,,
81_d_ACRE-Biomass_Late_y22_width-height_sampling-2,d,81,4,ACRE-Biomass,Late,y22,width-height,sampling-2,57,60,7/28/2022,,,,,
82_a_ACRE-Biomass_Late_y22_width-height_sampling-2,a,82,4,ACRE-Biomass,Late,y22,width-height,sampling-2,53,63,7/28/2022,,,,,
82_b_ACRE-Biomass_Late_y22_width-height_sampling-2,b,82,4,ACRE-Biomass,Late,y22,width-height,sampling-2,50,64,7/28/2022,,,,,
82_c_ACRE-Biomass_Late_y22_width-height_sampling-2,c,82,4,ACRE-Biomass,Late,y22,width-height,sampling-2,51,64,7/28/2022,,,,,
82_d_ACRE-Biomass_Late_y22_width-height_sampling-2,d,82,4,ACRE-Biomass,Late,y22,width-height,sampling-2,50,62,7/28/2022,,,,,
83_a_ACRE-Biomass_Late_y22_width-height_sampling-2,a,83,4,ACRE-Biomass,Late,y22,width-height,sampling-2,61,67,7/28/2022,,,,,
83_b_ACRE-Biomass_Late_y22_width-height_sampling-2,b,83,4,ACRE-Biomass,Late,y22,width-height,sampling-2,63,65,7/28/2022,,,,,
83_c_ACRE-Biomass_Late_y22_width-height_sampling-2,c,83,4,ACRE-Biomass,Late,y22,width-height,sampling-2,62,70,7/28/2022,,,,,
83_d_ACRE-Biomass_Late_y22_width-height_sampling-2,d,83,4,ACRE-Biomass,Late,y22,width-height,sampling-2,64,61,7/28/2022,,,,,
84_a_ACRE-Biomass_Late_y22_width-height_sampling-2,a,84,4,ACRE-Biomass,Late,y22,width-height,sampling-2,62,61,7/28/2022,,,,,
84_b_ACRE-Biomass_Late_y22_width-height_sampling-2,b,84,4,ACRE-Biomass,Late,y22,width-height,sampling-2,60,69,7/28/2022,,,,,
84_c_ACRE-Biomass_Late_y22_width-height_sampling-2,c,84,4,ACRE-Biomass,Late,y22,width-height,sampling-2,68,60,7/28/2022,,,,,
84_d_ACRE-Biomass_Late_y22_width-height_sampling-2,d,84,4,ACRE-Biomass,Late,y22,width-height,sampling-2,57,57,7/28/2022,,,,,
85_a_ACRE-Biomass_Late_y22_width-height_sampling-2,a,85,4,ACRE-Biomass,Late,y22,width-height,sampling-2,61,52,7/28/2022,,,,,
85_b_ACRE-Biomass_Late_y22_width-height_sampling-2,b,85,4,ACRE-Biomass,Late,y22,width-height,sampling-2,59,58,7/28/2022,,,,,
85_c_ACRE-Biomass_Late_y22_width-height_sampling-2,c,85,4,ACRE-Biomass,Late,y22,width-height,sampling-2,60,63,7/28/2022,,,,,
85_d_ACRE-Biomass_Late_y22_width-height_sampling-2,d,85,4,ACRE-Biomass,Late,y22,width-height,sampling-2,53,50,7/28/2022,,,,,
86_a_ACRE-Biomass_Late_y22_width-height_sampling-2,a,86,4,ACRE-Biomass,Late,y22,width-height,sampling-2,64,69,7/28/2022,,,,,
86_b_ACRE-Biomass_Late_y22_width-height_sampling-2,b,86,4,ACRE-Biomass,Late,y22,width-height,sampling-2,68,67,7/28/2022,,,,,
86_c_ACRE-Biomass_Late_y22_width-height_sampling-2,c,86,4,ACRE-Biomass,Late,y22,width-height,sampling-2,60,61,7/28/2022,,,,,
86_d_ACRE-Biomass_Late_y22_width-height_sampling-2,d,86,4,ACRE-Biomass,Late,y22,width-height,sampling-2,55,53,7/28/2022,,,,,
87_a_ACRE-Biomass_Late_y22_width-height_sampling-2,a,87,4,ACRE-Biomass,Late,y22,width-height,sampling-2,58,53,7/28/2022,,,,,
87_b_ACRE-Biomass_Late_y22_width-height_sampling-2,b,87,4,ACRE-Biomass,Late,y22,width-height,sampling-2,55,67,7/28/2022,,,,,
87_c_ACRE-Biomass_Late_y22_width-height_sampling-2,c,87,4,ACRE-Biomass,Late,y22,width-height,sampling-2,52,62,7/28/2022,,,,,
87_d_ACRE-Biomass_Late_y22_width-height_sampling-2,d,87,4,ACRE-Biomass,Late,y22,width-height,sampling-2,55,61,7/28/2022,,,,,
88_a_ACRE-Biomass_Late_y22_width-height_sampling-2,a,88,4,ACRE-Biomass,Late,y22,width-height,sampling-2,52,58,7/28/2022,,,,,
88_b_ACRE-Biomass_Late_y22_width-height_sampling-2,b,88,4,ACRE-Biomass,Late,y22,width-height,sampling-2,54,59,7/28/2022,,,,,
88_c_ACRE-Biomass_Late_y22_width-height_sampling-2,c,88,4,ACRE-Biomass,Late,y22,width-height,sampling-2,56,68,7/28/2022,,,,,
88_d_ACRE-Biomass_Late_y22_width-height_sampling-2,d,88,4,ACRE-Biomass,Late,y22,width-height,sampling-2,59,60,7/28/2022,,,,,
89_a_ACRE-Biomass_Late_y22_width-height_sampling-2,a,89,4,ACRE-Biomass,Late,y22,width-height,sampling-2,51,51,7/28/2022,,,,,
89_b_ACRE-Biomass_Late_y22_width-height_sampling-2,b,89,4,ACRE-Biomass,Late,y22,width-height,sampling-2,47,69,7/28/2022,,,,,
89_c_ACRE-Biomass_Late_y22_width-height_sampling-2,c,89,4,ACRE-Biomass,Late,y22,width-height,sampling-2,51,60,7/28/2022,,,,,
89_d_ACRE-Biomass_Late_y22_width-height_sampling-2,d,89,4,ACRE-Biomass,Late,y22,width-height,sampling-2,52,51,7/28/2022,,,,,
90_a_ACRE-Biomass_Late_y22_width-height_sampling-2,a,90,4,ACRE-Biomass,Late,y22,width-height,sampling-2,54,55,7/28/2022,,,,,
90_b_ACRE-Biomass_Late_y22_width-height_sampling-2,b,90,4,ACRE-Biomass,Late,y22,width-height,sampling-2,47,43,7/28/2022,,,,,
90_c_ACRE-Biomass_Late_y22_width-height_sampling-2,c,90,4,ACRE-Biomass,Late,y22,width-height,sampling-2,56,59,7/28/2022,,,,,
90_d_ACRE-Biomass_Late_y22_width-height_sampling-2,d,90,4,ACRE-Biomass,Late,y22,width-height,sampling-2,53,52,7/28/2022,,,,,
91_a_ACRE-Biomass_Late_y22_width-height_sampling-2,a,91,4,ACRE-Biomass,Late,y22,width-height,sampling-2,50,54,7/28/2022,,,,,
91_b_ACRE-Biomass_Late_y22_width-height_sampling-2,b,91,4,ACRE-Biomass,Late,y22,width-height,sampling-2,51,51,7/28/2022,,,,,
91_c_ACRE-Biomass_Late_y22_width-height_sampling-2,c,91,4,ACRE-Biomass,Late,y22,width-height,sampling-2,63,68,7/28/2022,,,,,
91_d_ACRE-Biomass_Late_y22_width-height_sampling-2,d,91,4,ACRE-Biomass,Late,y22,width-height,sampling-2,56,60,7/28/2022,,,,,
92_a_ACRE-Biomass_Late_y22_width-height_sampling-2,a,92,4,ACRE-Biomass,Late,y22,width-height,sampling-2,46,50,7/28/2022,,,,,
92_b_ACRE-Biomass_Late_y22_width-height_sampling-2,b,92,4,ACRE-Biomass,Late,y22,width-height,sampling-2,50,55,7/28/2022,,,,,
92_c_ACRE-Biomass_Late_y22_width-height_sampling-2,c,92,4,ACRE-Biomass,Late,y22,width-height,sampling-2,61,55,7/28/2022,,,,,
92_d_ACRE-Biomass_Late_y22_width-height_sampling-2,d,92,4,ACRE-Biomass,Late,y22,width-height,sampling-2,55,64,7/28/2022,,,,,
93_a_ACRE-Biomass_Late_y22_width-height_sampling-2,a,93,4,ACRE-Biomass,Late,y22,width-height,sampling-2,35,46,7/28/2022,,,,,
93_b_ACRE-Biomass_Late_y22_width-height_sampling-2,b,93,4,ACRE-Biomass,Late,y22,width-height,sampling-2,40,55,7/28/2022,,,,,
93_c_ACRE-Biomass_Late_y22_width-height_sampling-2,c,93,4,ACRE-Biomass,Late,y22,width-height,sampling-2,51,55,7/28/2022,,,,,
93_d_ACRE-Biomass_Late_y22_width-height_sampling-2,d,93,4,ACRE-Biomass,Late,y22,width-height,sampling-2,50,52,7/28/2022,,,,,
94_a_ACRE-Biomass_Late_y22_width-height_sampling-2,a,94,4,ACRE-Biomass,Late,y22,width-height,sampling-2,42,40,7/28/2022,,,,,
94_b_ACRE-Biomass_Late_y22_width-height_sampling-2,b,94,4,ACRE-Biomass,Late,y22,width-height,sampling-2,50,44,7/28/2022,,,,,
94_c_ACRE-Biomass_Late_y22_width-height_sampling-2,c,94,4,ACRE-Biomass,Late,y22,width-height,sampling-2,52,50,7/28/2022,,,,,
94_d_ACRE-Biomass_Late_y22_width-height_sampling-2,d,94,4,ACRE-Biomass,Late,y22,width-height,sampling-2,51,60,7/28/2022,,,,,
95_a_ACRE-Biomass_Late_y22_width-height_sampling-2,a,95,4,ACRE-Biomass,Late,y22,width-height,sampling-2,53,60,7/28/2022,,,,,
95_b_ACRE-Biomass_Late_y22_width-height_sampling-2,b,95,4,ACRE-Biomass,Late,y22,width-height,sampling-2,49,54,7/28/2022,,,,,
95_c_ACRE-Biomass_Late_y22_width-height_sampling-2,c,95,4,ACRE-Biomass,Late,y22,width-height,sampling-2,61,58,7/28/2022,,,,,
95_d_ACRE-Biomass_Late_y22_width-height_sampling-2,d,95,4,ACRE-Biomass,Late,y22,width-height,sampling-2,57,59,7/28/2022,,,,,
96_a_ACRE-Biomass_Late_y22_width-height_sampling-2,a,96,4,ACRE-Biomass,Late,y22,width-height,sampling-2,53,46,7/28/2022,,,,,
96_b_ACRE-Biomass_Late_y22_width-height_sampling-2,b,96,4,ACRE-Biomass,Late,y22,width-height,sampling-2,50,49,7/28/2022,,,,,
96_c_ACRE-Biomass_Late_y22_width-height_sampling-2,c,96,4,ACRE-Biomass,Late,y22,width-height,sampling-2,69,68,7/28/2022,,,,,
96_d_ACRE-Biomass_Late_y22_width-height_sampling-2,d,96,4,ACRE-Biomass,Late,y22,width-height,sampling-2,51,45,7/28/2022,,,,,
97_a_ACRE-Biomass_Late_y22_width-height_sampling-2,a,97,4,ACRE-Biomass,Late,y22,width-height,sampling-2,63,60,7/28/2022,,,,,
97_b_ACRE-Biomass_Late_y22_width-height_sampling-2,b,97,4,ACRE-Biomass,Late,y22,width-height,sampling-2,59,61,7/28/2022,,,,,
97_c_ACRE-Biomass_Late_y22_width-height_sampling-2,c,97,4,ACRE-Biomass,Late,y22,width-height,sampling-2,62,55,7/28/2022,,,,,
97_d_ACRE-Biomass_Late_y22_width-height_sampling-2,d,97,4,ACRE-Biomass,Late,y22,width-height,sampling-2,56,67,7/28/2022,,,,,
98_a_ACRE-Biomass_Late_y22_width-height_sampling-2,a,98,4,ACRE-Biomass,Late,y22,width-height,sampling-2,56,61,7/28/2022,,,,,
98_b_ACRE-Biomass_Late_y22_width-height_sampling-2,b,98,4,ACRE-Biomass,Late,y22,width-height,sampling-2,56,51,7/28/2022,,,,,
98_c_ACRE-Biomass_Late_y22_width-height_sampling-2,c,98,4,ACRE-Biomass,Late,y22,width-height,sampling-2,54,51,7/28/2022,,,,,
98_d_ACRE-Biomass_Late_y22_width-height_sampling-2,d,98,4,ACRE-Biomass,Late,y22,width-height,sampling-2,50,62,7/28/2022,,,,,
99_a_ACRE-Biomass_Late_y22_width-height_sampling-2,a,99,4,ACRE-Biomass,Late,y22,width-height,sampling-2,61,60,7/28/2022,,,,,
99_b_ACRE-Biomass_Late_y22_width-height_sampling-2,b,99,4,ACRE-Biomass,Late,y22,width-height,sampling-2,56,57,7/28/2022,,,,,
99_c_ACRE-Biomass_Late_y22_width-height_sampling-2,c,99,4,ACRE-Biomass,Late,y22,width-height,sampling-2,63,66,7/28/2022,,,,,
99_d_ACRE-Biomass_Late_y22_width-height_sampling-2,d,99,4,ACRE-Biomass,Late,y22,width-height,sampling-2,60,71,7/28/2022,,,,,
100_a_ACRE-Biomass_Late_y22_width-height_sampling-2,a,100,4,ACRE-Biomass,Late,y22,width-height,sampling-2,68,57,7/28/2022,,,,,
100_b_ACRE-Biomass_Late_y22_width-height_sampling-2,b,100,4,ACRE-Biomass,Late,y22,width-height,sampling-2,59,53,7/28/2022,,,,,
100_c_ACRE-Biomass_Late_y22_width-height_sampling-2,c,100,4,ACRE-Biomass,Late,y22,width-height,sampling-2,55,60,7/28/2022,,,,,
100_d_ACRE-Biomass_Late_y22_width-height_sampling-2,d,100,4,ACRE-Biomass,Late,y22,width-height,sampling-2,60,57,7/28/2022,,,,,
