id_observation,observation_name,plot,rep,experiment,treatment,season,measurment,sampling_identifier,Height (cm),Width (cm),Date Of Measurement,picture_Plot,picture_Experiment,notes_Plot,audio
1_a_ACRE-Biomass_Late_y22_width-height_sampling-1,a,1,1,ACRE-Biomass,Late,y22,width-height,sampling-1,38,47,7/19/2022,/storage/emulated/0/plot_data/width-height_1_ACRE-Biomass_Late_y22/photos/1_a_ACRE-Biomass_Late_y22_width-height_sampling-1_picture_Plot_1_2022-07-19-10-28-55.jpg,/storage/emulated/0/plot_data/width-height_1_ACRE-Biomass_Late_y22/photos/1_a_ACRE-Biomass_Late_y22_width-height_sampling-1_picture_Experiment_1_2022-07-19-10-29-22.jpg,,
1_b_ACRE-Biomass_Late_y22_width-height_sampling-1,b,1,1,ACRE-Biomass,Late,y22,width-height,sampling-1,42,55,7/19/2022,,,,
1_c_ACRE-Biomass_Late_y22_width-height_sampling-1,c,1,1,ACRE-Biomass,Late,y22,width-height,sampling-1,42.5,54,7/19/2022,,,,
1_d_ACRE-Biomass_Late_y22_width-height_sampling-1,d,1,1,ACRE-Biomass,Late,y22,width-height,sampling-1,37,46,7/19/2022,,,,
2_a_ACRE-Biomass_Late_y22_width-height_sampling-1,a,2,1,ACRE-Biomass,Late,y22,width-height,sampling-1,34,60,7/19/2022,,,,
2_b_ACRE-Biomass_Late_y22_width-height_sampling-1,b,2,1,ACRE-Biomass,Late,y22,width-height,sampling-1,41,59,7/19/2022,,,,
2_c_ACRE-Biomass_Late_y22_width-height_sampling-1,c,2,1,ACRE-Biomass,Late,y22,width-height,sampling-1,43,55,7/19/2022,,,,
2_d_ACRE-Biomass_Late_y22_width-height_sampling-1,d,2,1,ACRE-Biomass,Late,y22,width-height,sampling-1,38,53,7/19/2022,,,,
3_a_ACRE-Biomass_Late_y22_width-height_sampling-1,a,3,1,ACRE-Biomass,Late,y22,width-height,sampling-1,32.5,51,7/19/2022,,,,
3_b_ACRE-Biomass_Late_y22_width-height_sampling-1,b,3,1,ACRE-Biomass,Late,y22,width-height,sampling-1,34,56,7/19/2022,,,,
3_c_ACRE-Biomass_Late_y22_width-height_sampling-1,c,3,1,ACRE-Biomass,Late,y22,width-height,sampling-1,37,48,7/19/2022,,,,
3_d_ACRE-Biomass_Late_y22_width-height_sampling-1,d,3,1,ACRE-Biomass,Late,y22,width-height,sampling-1,37.5,57,7/19/2022,,,,
4_a_ACRE-Biomass_Late_y22_width-height_sampling-1,a,4,1,ACRE-Biomass,Late,y22,width-height,sampling-1,31,46,7/19/2022,,,,
4_b_ACRE-Biomass_Late_y22_width-height_sampling-1,b,4,1,ACRE-Biomass,Late,y22,width-height,sampling-1,35,48,7/19/2022,,,,
4_c_ACRE-Biomass_Late_y22_width-height_sampling-1,c,4,1,ACRE-Biomass,Late,y22,width-height,sampling-1,35,56,7/19/2022,,,,
4_d_ACRE-Biomass_Late_y22_width-height_sampling-1,d,4,1,ACRE-Biomass,Late,y22,width-height,sampling-1,32,53,7/19/2022,,,,
5_a_ACRE-Biomass_Late_y22_width-height_sampling-1,a,5,1,ACRE-Biomass,Late,y22,width-height,sampling-1,28,43,7/19/2022,,,,
5_b_ACRE-Biomass_Late_y22_width-height_sampling-1,b,5,1,ACRE-Biomass,Late,y22,width-height,sampling-1,33,47,7/19/2022,,,,
5_c_ACRE-Biomass_Late_y22_width-height_sampling-1,c,5,1,ACRE-Biomass,Late,y22,width-height,sampling-1,30,45,7/19/2022,,,,
5_d_ACRE-Biomass_Late_y22_width-height_sampling-1,d,5,1,ACRE-Biomass,Late,y22,width-height,sampling-1,32.5,48,7/19/2022,,,,
6_a_ACRE-Biomass_Late_y22_width-height_sampling-1,a,6,1,ACRE-Biomass,Late,y22,width-height,sampling-1,36,51,7/19/2022,,,,
6_b_ACRE-Biomass_Late_y22_width-height_sampling-1,b,6,1,ACRE-Biomass,Late,y22,width-height,sampling-1,35.5,50,7/19/2022,,,,
6_c_ACRE-Biomass_Late_y22_width-height_sampling-1,c,6,1,ACRE-Biomass,Late,y22,width-height,sampling-1,32,43,7/19/2022,,,,
6_d_ACRE-Biomass_Late_y22_width-height_sampling-1,d,6,1,ACRE-Biomass,Late,y22,width-height,sampling-1,37,47,7/19/2022,,,,
7_a_ACRE-Biomass_Late_y22_width-height_sampling-1,a,7,1,ACRE-Biomass,Late,y22,width-height,sampling-1,34,48,7/19/2022,,,,
7_b_ACRE-Biomass_Late_y22_width-height_sampling-1,b,7,1,ACRE-Biomass,Late,y22,width-height,sampling-1,37,53,7/19/2022,,,,
7_c_ACRE-Biomass_Late_y22_width-height_sampling-1,c,7,1,ACRE-Biomass,Late,y22,width-height,sampling-1,42,54,7/19/2022,,,,
7_d_ACRE-Biomass_Late_y22_width-height_sampling-1,d,7,1,ACRE-Biomass,Late,y22,width-height,sampling-1,35,51,7/19/2022,,,,
8_a_ACRE-Biomass_Late_y22_width-height_sampling-1,a,8,1,ACRE-Biomass,Late,y22,width-height,sampling-1,33,47,7/19/2022,,,,
8_b_ACRE-Biomass_Late_y22_width-height_sampling-1,b,8,1,ACRE-Biomass,Late,y22,width-height,sampling-1,36,54,7/19/2022,,,,
8_c_ACRE-Biomass_Late_y22_width-height_sampling-1,c,8,1,ACRE-Biomass,Late,y22,width-height,sampling-1,42,51,7/19/2022,,,,
8_d_ACRE-Biomass_Late_y22_width-height_sampling-1,d,8,1,ACRE-Biomass,Late,y22,width-height,sampling-1,45,49,7/19/2022,,,,
9_a_ACRE-Biomass_Late_y22_width-height_sampling-1,a,9,1,ACRE-Biomass,Late,y22,width-height,sampling-1,40,57,7/19/2022,,,,
9_b_ACRE-Biomass_Late_y22_width-height_sampling-1,b,9,1,ACRE-Biomass,Late,y22,width-height,sampling-1,42,51,7/19/2022,,,,
9_c_ACRE-Biomass_Late_y22_width-height_sampling-1,c,9,1,ACRE-Biomass,Late,y22,width-height,sampling-1,41,52,7/19/2022,,,,
9_d_ACRE-Biomass_Late_y22_width-height_sampling-1,d,9,1,ACRE-Biomass,Late,y22,width-height,sampling-1,46,55,7/19/2022,,,,
10_a_ACRE-Biomass_Late_y22_width-height_sampling-1,a,10,1,ACRE-Biomass,Late,y22,width-height,sampling-1,35,54,7/19/2022,,,,
10_b_ACRE-Biomass_Late_y22_width-height_sampling-1,b,10,1,ACRE-Biomass,Late,y22,width-height,sampling-1,36,45,7/19/2022,,,,
10_c_ACRE-Biomass_Late_y22_width-height_sampling-1,c,10,1,ACRE-Biomass,Late,y22,width-height,sampling-1,38,46,7/19/2022,,,,
10_d_ACRE-Biomass_Late_y22_width-height_sampling-1,d,10,1,ACRE-Biomass,Late,y22,width-height,sampling-1,40,48,7/19/2022,,,,
11_a_ACRE-Biomass_Late_y22_width-height_sampling-1,a,11,1,ACRE-Biomass,Late,y22,width-height,sampling-1,35,47,7/19/2022,,,,
11_b_ACRE-Biomass_Late_y22_width-height_sampling-1,b,11,1,ACRE-Biomass,Late,y22,width-height,sampling-1,36,53,7/19/2022,,,,
11_c_ACRE-Biomass_Late_y22_width-height_sampling-1,c,11,1,ACRE-Biomass,Late,y22,width-height,sampling-1,39,45,7/19/2022,,,,
11_d_ACRE-Biomass_Late_y22_width-height_sampling-1,d,11,1,ACRE-Biomass,Late,y22,width-height,sampling-1,42,44,7/19/2022,,,,
12_a_ACRE-Biomass_Late_y22_width-height_sampling-1,a,12,1,ACRE-Biomass,Late,y22,width-height,sampling-1,34,38,7/19/2022,,,,
12_b_ACRE-Biomass_Late_y22_width-height_sampling-1,b,12,1,ACRE-Biomass,Late,y22,width-height,sampling-1,31,49,7/19/2022,,,,
12_c_ACRE-Biomass_Late_y22_width-height_sampling-1,c,12,1,ACRE-Biomass,Late,y22,width-height,sampling-1,34,41,7/19/2022,,,,
12_d_ACRE-Biomass_Late_y22_width-height_sampling-1,d,12,1,ACRE-Biomass,Late,y22,width-height,sampling-1,35,45,7/19/2022,,,,
13_a_ACRE-Biomass_Late_y22_width-height_sampling-1,a,13,1,ACRE-Biomass,Late,y22,width-height,sampling-1,29,47,7/19/2022,,,,
13_b_ACRE-Biomass_Late_y22_width-height_sampling-1,b,13,1,ACRE-Biomass,Late,y22,width-height,sampling-1,36,42,7/19/2022,,,,
13_c_ACRE-Biomass_Late_y22_width-height_sampling-1,c,13,1,ACRE-Biomass,Late,y22,width-height,sampling-1,36,43,7/19/2022,,,,
13_d_ACRE-Biomass_Late_y22_width-height_sampling-1,d,13,1,ACRE-Biomass,Late,y22,width-height,sampling-1,34,46,7/19/2022,,,,
14_a_ACRE-Biomass_Late_y22_width-height_sampling-1,a,14,1,ACRE-Biomass,Late,y22,width-height,sampling-1,29,50,7/19/2022,,,,
14_b_ACRE-Biomass_Late_y22_width-height_sampling-1,b,14,1,ACRE-Biomass,Late,y22,width-height,sampling-1,38,45,7/19/2022,,,,
14_c_ACRE-Biomass_Late_y22_width-height_sampling-1,c,14,1,ACRE-Biomass,Late,y22,width-height,sampling-1,38,48,7/19/2022,,,,
14_d_ACRE-Biomass_Late_y22_width-height_sampling-1,d,14,1,ACRE-Biomass,Late,y22,width-height,sampling-1,31,49,7/19/2022,,,,
15_a_ACRE-Biomass_Late_y22_width-height_sampling-1,a,15,1,ACRE-Biomass,Late,y22,width-height,sampling-1,32,49,7/19/2022,,,,
15_b_ACRE-Biomass_Late_y22_width-height_sampling-1,b,15,1,ACRE-Biomass,Late,y22,width-height,sampling-1,37,44,7/19/2022,,,,
15_c_ACRE-Biomass_Late_y22_width-height_sampling-1,c,15,1,ACRE-Biomass,Late,y22,width-height,sampling-1,28,48,7/19/2022,,,,
15_d_ACRE-Biomass_Late_y22_width-height_sampling-1,d,15,1,ACRE-Biomass,Late,y22,width-height,sampling-1,33,47,7/19/2022,,,,
16_a_ACRE-Biomass_Late_y22_width-height_sampling-1,a,16,1,ACRE-Biomass,Late,y22,width-height,sampling-1,32,46,7/19/2022,,,,
16_b_ACRE-Biomass_Late_y22_width-height_sampling-1,b,16,1,ACRE-Biomass,Late,y22,width-height,sampling-1,38,46,7/19/2022,,,,
16_c_ACRE-Biomass_Late_y22_width-height_sampling-1,c,16,1,ACRE-Biomass,Late,y22,width-height,sampling-1,31,50,7/19/2022,,,,
16_d_ACRE-Biomass_Late_y22_width-height_sampling-1,d,16,1,ACRE-Biomass,Late,y22,width-height,sampling-1,32,47,7/19/2022,,,,
17_a_ACRE-Biomass_Late_y22_width-height_sampling-1,a,17,1,ACRE-Biomass,Late,y22,width-height,sampling-1,24,53,7/19/2022,,,,
17_b_ACRE-Biomass_Late_y22_width-height_sampling-1,b,17,1,ACRE-Biomass,Late,y22,width-height,sampling-1,35,47,7/19/2022,,,,
17_c_ACRE-Biomass_Late_y22_width-height_sampling-1,c,17,1,ACRE-Biomass,Late,y22,width-height,sampling-1,32,51,7/19/2022,,,,
17_d_ACRE-Biomass_Late_y22_width-height_sampling-1,d,17,1,ACRE-Biomass,Late,y22,width-height,sampling-1,23,40,7/19/2022,,,,
18_a_ACRE-Biomass_Late_y22_width-height_sampling-1,a,18,1,ACRE-Biomass,Late,y22,width-height,sampling-1,30,45,7/19/2022,,,,
18_b_ACRE-Biomass_Late_y22_width-height_sampling-1,b,18,1,ACRE-Biomass,Late,y22,width-height,sampling-1,28,47,7/19/2022,,,,
18_c_ACRE-Biomass_Late_y22_width-height_sampling-1,c,18,1,ACRE-Biomass,Late,y22,width-height,sampling-1,36,42,7/19/2022,,,,
18_d_ACRE-Biomass_Late_y22_width-height_sampling-1,d,18,1,ACRE-Biomass,Late,y22,width-height,sampling-1,27,46,7/19/2022,,,,
19_a_ACRE-Biomass_Late_y22_width-height_sampling-1,a,19,1,ACRE-Biomass,Late,y22,width-height,sampling-1,38,51,7/19/2022,,,,
19_b_ACRE-Biomass_Late_y22_width-height_sampling-1,b,19,1,ACRE-Biomass,Late,y22,width-height,sampling-1,43,48,7/19/2022,,,,
19_c_ACRE-Biomass_Late_y22_width-height_sampling-1,c,19,1,ACRE-Biomass,Late,y22,width-height,sampling-1,46,46,7/19/2022,,,,
19_d_ACRE-Biomass_Late_y22_width-height_sampling-1,d,19,1,ACRE-Biomass,Late,y22,width-height,sampling-1,45,48,7/19/2022,,,,
20_a_ACRE-Biomass_Late_y22_width-height_sampling-1,a,20,1,ACRE-Biomass,Late,y22,width-height,sampling-1,31,54,7/19/2022,,,,
20_b_ACRE-Biomass_Late_y22_width-height_sampling-1,b,20,1,ACRE-Biomass,Late,y22,width-height,sampling-1,32,53,7/19/2022,,,,
20_c_ACRE-Biomass_Late_y22_width-height_sampling-1,c,20,1,ACRE-Biomass,Late,y22,width-height,sampling-1,34,46,7/19/2022,,,,
20_d_ACRE-Biomass_Late_y22_width-height_sampling-1,d,20,1,ACRE-Biomass,Late,y22,width-height,sampling-1,29,45,7/19/2022,,,,
21_a_ACRE-Biomass_Late_y22_width-height_sampling-1,a,21,1,ACRE-Biomass,Late,y22,width-height,sampling-1,38,52,7/19/2022,,,,
21_b_ACRE-Biomass_Late_y22_width-height_sampling-1,b,21,1,ACRE-Biomass,Late,y22,width-height,sampling-1,37,52,7/19/2022,,,,
21_c_ACRE-Biomass_Late_y22_width-height_sampling-1,c,21,1,ACRE-Biomass,Late,y22,width-height,sampling-1,33,49,7/19/2022,,,,
21_d_ACRE-Biomass_Late_y22_width-height_sampling-1,d,21,1,ACRE-Biomass,Late,y22,width-height,sampling-1,35,45,7/19/2022,,,,
22_a_ACRE-Biomass_Late_y22_width-height_sampling-1,a,22,1,ACRE-Biomass,Late,y22,width-height,sampling-1,33,48,7/19/2022,,,,
22_b_ACRE-Biomass_Late_y22_width-height_sampling-1,b,22,1,ACRE-Biomass,Late,y22,width-height,sampling-1,34,48,7/19/2022,,,,
22_c_ACRE-Biomass_Late_y22_width-height_sampling-1,c,22,1,ACRE-Biomass,Late,y22,width-height,sampling-1,28,50,7/19/2022,,,,
22_d_ACRE-Biomass_Late_y22_width-height_sampling-1,d,22,1,ACRE-Biomass,Late,y22,width-height,sampling-1,30,53,7/19/2022,,,,
23_a_ACRE-Biomass_Late_y22_width-height_sampling-1,a,23,1,ACRE-Biomass,Late,y22,width-height,sampling-1,33,54,7/19/2022,,,,
23_b_ACRE-Biomass_Late_y22_width-height_sampling-1,b,23,1,ACRE-Biomass,Late,y22,width-height,sampling-1,34,52,7/19/2022,,,,
23_c_ACRE-Biomass_Late_y22_width-height_sampling-1,c,23,1,ACRE-Biomass,Late,y22,width-height,sampling-1,34,56,7/19/2022,,,,
23_d_ACRE-Biomass_Late_y22_width-height_sampling-1,d,23,1,ACRE-Biomass,Late,y22,width-height,sampling-1,37,52,7/19/2022,,,,
24_a_ACRE-Biomass_Late_y22_width-height_sampling-1,a,24,1,ACRE-Biomass,Late,y22,width-height,sampling-1,38,61,7/19/2022,,,,
24_b_ACRE-Biomass_Late_y22_width-height_sampling-1,b,24,1,ACRE-Biomass,Late,y22,width-height,sampling-1,41,53,7/19/2022,,,,
24_c_ACRE-Biomass_Late_y22_width-height_sampling-1,c,24,1,ACRE-Biomass,Late,y22,width-height,sampling-1,43,53,7/19/2022,,,,
24_d_ACRE-Biomass_Late_y22_width-height_sampling-1,d,24,1,ACRE-Biomass,Late,y22,width-height,sampling-1,47,49,7/19/2022,,,,
25_a_ACRE-Biomass_Late_y22_width-height_sampling-1,a,25,1,ACRE-Biomass,Late,y22,width-height,sampling-1,39,47,7/19/2022,,,,
25_b_ACRE-Biomass_Late_y22_width-height_sampling-1,b,25,1,ACRE-Biomass,Late,y22,width-height,sampling-1,46,47,7/19/2022,,,,
25_c_ACRE-Biomass_Late_y22_width-height_sampling-1,c,25,1,ACRE-Biomass,Late,y22,width-height,sampling-1,45,46,7/19/2022,,,,
25_d_ACRE-Biomass_Late_y22_width-height_sampling-1,d,25,1,ACRE-Biomass,Late,y22,width-height,sampling-1,49,50,7/19/2022,,,,
26_a_ACRE-Biomass_Late_y22_width-height_sampling-1,a,26,2,ACRE-Biomass,Late,y22,width-height,sampling-1,32,51,7/19/2022,,,,
26_b_ACRE-Biomass_Late_y22_width-height_sampling-1,b,26,2,ACRE-Biomass,Late,y22,width-height,sampling-1,34,52,7/19/2022,,,,
26_c_ACRE-Biomass_Late_y22_width-height_sampling-1,c,26,2,ACRE-Biomass,Late,y22,width-height,sampling-1,36,50,7/19/2022,,,,
26_d_ACRE-Biomass_Late_y22_width-height_sampling-1,d,26,2,ACRE-Biomass,Late,y22,width-height,sampling-1,36,50,7/19/2022,,,,
27_a_ACRE-Biomass_Late_y22_width-height_sampling-1,a,27,2,ACRE-Biomass,Late,y22,width-height,sampling-1,35,53,7/19/2022,,,,
27_b_ACRE-Biomass_Late_y22_width-height_sampling-1,b,27,2,ACRE-Biomass,Late,y22,width-height,sampling-1,34,51,7/19/2022,,,,
27_c_ACRE-Biomass_Late_y22_width-height_sampling-1,c,27,2,ACRE-Biomass,Late,y22,width-height,sampling-1,33,58,7/19/2022,,,,
27_d_ACRE-Biomass_Late_y22_width-height_sampling-1,d,27,2,ACRE-Biomass,Late,y22,width-height,sampling-1,36,53,7/19/2022,,,,
28_a_ACRE-Biomass_Late_y22_width-height_sampling-1,a,28,2,ACRE-Biomass,Late,y22,width-height,sampling-1,37,56,7/19/2022,,,,
28_b_ACRE-Biomass_Late_y22_width-height_sampling-1,b,28,2,ACRE-Biomass,Late,y22,width-height,sampling-1,34,58,7/19/2022,,,,
28_c_ACRE-Biomass_Late_y22_width-height_sampling-1,c,28,2,ACRE-Biomass,Late,y22,width-height,sampling-1,41,52,7/19/2022,,,,
28_d_ACRE-Biomass_Late_y22_width-height_sampling-1,d,28,2,ACRE-Biomass,Late,y22,width-height,sampling-1,35.5,56,7/19/2022,,,,
29_a_ACRE-Biomass_Late_y22_width-height_sampling-1,a,29,2,ACRE-Biomass,Late,y22,width-height,sampling-1,35,46,7/19/2022,,,,
29_b_ACRE-Biomass_Late_y22_width-height_sampling-1,b,29,2,ACRE-Biomass,Late,y22,width-height,sampling-1,34.5,45,7/19/2022,,,,
29_c_ACRE-Biomass_Late_y22_width-height_sampling-1,c,29,2,ACRE-Biomass,Late,y22,width-height,sampling-1,41,40,7/19/2022,,,,
29_d_ACRE-Biomass_Late_y22_width-height_sampling-1,d,29,2,ACRE-Biomass,Late,y22,width-height,sampling-1,32,44,7/19/2022,,,,
30_a_ACRE-Biomass_Late_y22_width-height_sampling-1,a,30,2,ACRE-Biomass,Late,y22,width-height,sampling-1,38,46,7/19/2022,,,,
30_b_ACRE-Biomass_Late_y22_width-height_sampling-1,b,30,2,ACRE-Biomass,Late,y22,width-height,sampling-1,39,48,7/19/2022,,,,
30_c_ACRE-Biomass_Late_y22_width-height_sampling-1,c,30,2,ACRE-Biomass,Late,y22,width-height,sampling-1,38,54,7/19/2022,,,,
30_d_ACRE-Biomass_Late_y22_width-height_sampling-1,d,30,2,ACRE-Biomass,Late,y22,width-height,sampling-1,37,49,7/19/2022,,,,
31_a_ACRE-Biomass_Late_y22_width-height_sampling-1,a,31,2,ACRE-Biomass,Late,y22,width-height,sampling-1,48,51,7/19/2022,,,,
31_b_ACRE-Biomass_Late_y22_width-height_sampling-1,b,31,2,ACRE-Biomass,Late,y22,width-height,sampling-1,39,43,7/19/2022,,,,
31_c_ACRE-Biomass_Late_y22_width-height_sampling-1,c,31,2,ACRE-Biomass,Late,y22,width-height,sampling-1,42,41,7/19/2022,,,,
31_d_ACRE-Biomass_Late_y22_width-height_sampling-1,d,31,2,ACRE-Biomass,Late,y22,width-height,sampling-1,43,48,7/19/2022,,,,
32_a_ACRE-Biomass_Late_y22_width-height_sampling-1,a,32,2,ACRE-Biomass,Late,y22,width-height,sampling-1,35,52,7/19/2022,,,,
32_b_ACRE-Biomass_Late_y22_width-height_sampling-1,b,32,2,ACRE-Biomass,Late,y22,width-height,sampling-1,38,54,7/19/2022,,,,
32_c_ACRE-Biomass_Late_y22_width-height_sampling-1,c,32,2,ACRE-Biomass,Late,y22,width-height,sampling-1,42,51,7/19/2022,,,,
32_d_ACRE-Biomass_Late_y22_width-height_sampling-1,d,32,2,ACRE-Biomass,Late,y22,width-height,sampling-1,44,49,7/19/2022,,,,
33_a_ACRE-Biomass_Late_y22_width-height_sampling-1,a,33,2,ACRE-Biomass,Late,y22,width-height,sampling-1,47,51,7/19/2022,,,,
33_b_ACRE-Biomass_Late_y22_width-height_sampling-1,b,33,2,ACRE-Biomass,Late,y22,width-height,sampling-1,38,53,7/19/2022,,,,
33_c_ACRE-Biomass_Late_y22_width-height_sampling-1,c,33,2,ACRE-Biomass,Late,y22,width-height,sampling-1,46,52,7/19/2022,,,,
33_d_ACRE-Biomass_Late_y22_width-height_sampling-1,d,33,2,ACRE-Biomass,Late,y22,width-height,sampling-1,42,49,7/19/2022,,,,
34_a_ACRE-Biomass_Late_y22_width-height_sampling-1,a,34,2,ACRE-Biomass,Late,y22,width-height,sampling-1,41,56,7/19/2022,,,,
34_b_ACRE-Biomass_Late_y22_width-height_sampling-1,b,34,2,ACRE-Biomass,Late,y22,width-height,sampling-1,42.5,51,7/19/2022,,,,
34_c_ACRE-Biomass_Late_y22_width-height_sampling-1,c,34,2,ACRE-Biomass,Late,y22,width-height,sampling-1,45,48,7/19/2022,,,,
34_d_ACRE-Biomass_Late_y22_width-height_sampling-1,d,34,2,ACRE-Biomass,Late,y22,width-height,sampling-1,37.5,47,7/19/2022,,,,
35_a_ACRE-Biomass_Late_y22_width-height_sampling-1,a,35,2,ACRE-Biomass,Late,y22,width-height,sampling-1,41.5,56,7/19/2022,,,,
35_b_ACRE-Biomass_Late_y22_width-height_sampling-1,b,35,2,ACRE-Biomass,Late,y22,width-height,sampling-1,40.5,55,7/19/2022,,,,
35_c_ACRE-Biomass_Late_y22_width-height_sampling-1,c,35,2,ACRE-Biomass,Late,y22,width-height,sampling-1,38,53,7/19/2022,,,,
35_d_ACRE-Biomass_Late_y22_width-height_sampling-1,d,35,2,ACRE-Biomass,Late,y22,width-height,sampling-1,40,50,7/19/2022,,,,
36_a_ACRE-Biomass_Late_y22_width-height_sampling-1,a,36,2,ACRE-Biomass,Late,y22,width-height,sampling-1,34,52,7/19/2022,,,,
36_b_ACRE-Biomass_Late_y22_width-height_sampling-1,b,36,2,ACRE-Biomass,Late,y22,width-height,sampling-1,43,56,7/19/2022,,,,
36_c_ACRE-Biomass_Late_y22_width-height_sampling-1,c,36,2,ACRE-Biomass,Late,y22,width-height,sampling-1,31,55,7/19/2022,,,,
36_d_ACRE-Biomass_Late_y22_width-height_sampling-1,d,36,2,ACRE-Biomass,Late,y22,width-height,sampling-1,33,50,7/19/2022,,,,
37_a_ACRE-Biomass_Late_y22_width-height_sampling-1,a,37,2,ACRE-Biomass,Late,y22,width-height,sampling-1,44.5,48,7/19/2022,,,,
37_b_ACRE-Biomass_Late_y22_width-height_sampling-1,b,37,2,ACRE-Biomass,Late,y22,width-height,sampling-1,40.5,55,7/19/2022,,,,
37_c_ACRE-Biomass_Late_y22_width-height_sampling-1,c,37,2,ACRE-Biomass,Late,y22,width-height,sampling-1,37,46,7/19/2022,,,,
37_d_ACRE-Biomass_Late_y22_width-height_sampling-1,d,37,2,ACRE-Biomass,Late,y22,width-height,sampling-1,36,53,7/19/2022,,,,
38_a_ACRE-Biomass_Late_y22_width-height_sampling-1,a,38,2,ACRE-Biomass,Late,y22,width-height,sampling-1,32,54,7/19/2022,,,,
38_b_ACRE-Biomass_Late_y22_width-height_sampling-1,b,38,2,ACRE-Biomass,Late,y22,width-height,sampling-1,36,51,7/19/2022,,,,
38_c_ACRE-Biomass_Late_y22_width-height_sampling-1,c,38,2,ACRE-Biomass,Late,y22,width-height,sampling-1,37.5,45,7/19/2022,,,,
38_d_ACRE-Biomass_Late_y22_width-height_sampling-1,d,38,2,ACRE-Biomass,Late,y22,width-height,sampling-1,45,47,7/19/2022,,,,
39_a_ACRE-Biomass_Late_y22_width-height_sampling-1,a,39,2,ACRE-Biomass,Late,y22,width-height,sampling-1,42,52,7/19/2022,,,,
39_b_ACRE-Biomass_Late_y22_width-height_sampling-1,b,39,2,ACRE-Biomass,Late,y22,width-height,sampling-1,33,55,7/19/2022,,,,
39_c_ACRE-Biomass_Late_y22_width-height_sampling-1,c,39,2,ACRE-Biomass,Late,y22,width-height,sampling-1,38,45,7/19/2022,,,,
39_d_ACRE-Biomass_Late_y22_width-height_sampling-1,d,39,2,ACRE-Biomass,Late,y22,width-height,sampling-1,38,55,7/19/2022,,,,
40_a_ACRE-Biomass_Late_y22_width-height_sampling-1,a,40,2,ACRE-Biomass,Late,y22,width-height,sampling-1,43.5,52,7/19/2022,,,,
40_b_ACRE-Biomass_Late_y22_width-height_sampling-1,b,40,2,ACRE-Biomass,Late,y22,width-height,sampling-1,41,52,7/19/2022,,,,
40_c_ACRE-Biomass_Late_y22_width-height_sampling-1,c,40,2,ACRE-Biomass,Late,y22,width-height,sampling-1,45.5,54,7/19/2022,,,,
40_d_ACRE-Biomass_Late_y22_width-height_sampling-1,d,40,2,ACRE-Biomass,Late,y22,width-height,sampling-1,47,56,7/19/2022,,,,
41_a_ACRE-Biomass_Late_y22_width-height_sampling-1,a,41,2,ACRE-Biomass,Late,y22,width-height,sampling-1,33,54.1,7/19/2022,,,,
41_b_ACRE-Biomass_Late_y22_width-height_sampling-1,b,41,2,ACRE-Biomass,Late,y22,width-height,sampling-1,29.5,47,7/19/2022,,,,
41_c_ACRE-Biomass_Late_y22_width-height_sampling-1,c,41,2,ACRE-Biomass,Late,y22,width-height,sampling-1,32,41,7/19/2022,,,,
41_d_ACRE-Biomass_Late_y22_width-height_sampling-1,d,41,2,ACRE-Biomass,Late,y22,width-height,sampling-1,37.5,44,7/19/2022,,,,
42_a_ACRE-Biomass_Late_y22_width-height_sampling-1,a,42,2,ACRE-Biomass,Late,y22,width-height,sampling-1,28,52,7/19/2022,,,,
42_b_ACRE-Biomass_Late_y22_width-height_sampling-1,b,42,2,ACRE-Biomass,Late,y22,width-height,sampling-1,31.5,53,7/19/2022,,,,
42_c_ACRE-Biomass_Late_y22_width-height_sampling-1,c,42,2,ACRE-Biomass,Late,y22,width-height,sampling-1,35,43,7/19/2022,,,,
42_d_ACRE-Biomass_Late_y22_width-height_sampling-1,d,42,2,ACRE-Biomass,Late,y22,width-height,sampling-1,33,48,7/19/2022,,,,
43_a_ACRE-Biomass_Late_y22_width-height_sampling-1,a,43,2,ACRE-Biomass,Late,y22,width-height,sampling-1,34,53,7/19/2022,,,,
43_b_ACRE-Biomass_Late_y22_width-height_sampling-1,b,43,2,ACRE-Biomass,Late,y22,width-height,sampling-1,35,54,7/19/2022,,,,
43_c_ACRE-Biomass_Late_y22_width-height_sampling-1,c,43,2,ACRE-Biomass,Late,y22,width-height,sampling-1,42,42,7/19/2022,,,,
43_d_ACRE-Biomass_Late_y22_width-height_sampling-1,d,43,2,ACRE-Biomass,Late,y22,width-height,sampling-1,37,50,7/19/2022,,,,
44_a_ACRE-Biomass_Late_y22_width-height_sampling-1,a,44,2,ACRE-Biomass,Late,y22,width-height,sampling-1,30,54,7/19/2022,,,,
44_b_ACRE-Biomass_Late_y22_width-height_sampling-1,b,44,2,ACRE-Biomass,Late,y22,width-height,sampling-1,34,42,7/19/2022,,,,
44_c_ACRE-Biomass_Late_y22_width-height_sampling-1,c,44,2,ACRE-Biomass,Late,y22,width-height,sampling-1,35.5,39,7/19/2022,,,,
44_d_ACRE-Biomass_Late_y22_width-height_sampling-1,d,44,2,ACRE-Biomass,Late,y22,width-height,sampling-1,32,45,7/19/2022,,,,
45_a_ACRE-Biomass_Late_y22_width-height_sampling-1,a,45,2,ACRE-Biomass,Late,y22,width-height,sampling-1,33,42,7/19/2022,,,,
45_b_ACRE-Biomass_Late_y22_width-height_sampling-1,b,45,2,ACRE-Biomass,Late,y22,width-height,sampling-1,36.5,43,7/19/2022,,,,
45_c_ACRE-Biomass_Late_y22_width-height_sampling-1,c,45,2,ACRE-Biomass,Late,y22,width-height,sampling-1,34,46,7/19/2022,,,,
45_d_ACRE-Biomass_Late_y22_width-height_sampling-1,d,45,2,ACRE-Biomass,Late,y22,width-height,sampling-1,32,51,7/19/2022,,,,
46_a_ACRE-Biomass_Late_y22_width-height_sampling-1,a,46,2,ACRE-Biomass,Late,y22,width-height,sampling-1,40,44,7/19/2022,,,,
46_b_ACRE-Biomass_Late_y22_width-height_sampling-1,b,46,2,ACRE-Biomass,Late,y22,width-height,sampling-1,35,50,7/19/2022,,,,
46_c_ACRE-Biomass_Late_y22_width-height_sampling-1,c,46,2,ACRE-Biomass,Late,y22,width-height,sampling-1,32,49,7/19/2022,,,,
46_d_ACRE-Biomass_Late_y22_width-height_sampling-1,d,46,2,ACRE-Biomass,Late,y22,width-height,sampling-1,29,47,7/19/2022,,,,
47_a_ACRE-Biomass_Late_y22_width-height_sampling-1,a,47,2,ACRE-Biomass,Late,y22,width-height,sampling-1,41,50,7/19/2022,,,,
47_b_ACRE-Biomass_Late_y22_width-height_sampling-1,b,47,2,ACRE-Biomass,Late,y22,width-height,sampling-1,38,48,7/19/2022,,,,
47_c_ACRE-Biomass_Late_y22_width-height_sampling-1,c,47,2,ACRE-Biomass,Late,y22,width-height,sampling-1,34,45,7/19/2022,,,,
47_d_ACRE-Biomass_Late_y22_width-height_sampling-1,d,47,2,ACRE-Biomass,Late,y22,width-height,sampling-1,38,41,7/19/2022,,,,
48_a_ACRE-Biomass_Late_y22_width-height_sampling-1,a,48,2,ACRE-Biomass,Late,y22,width-height,sampling-1,41,59,7/19/2022,,,,
48_b_ACRE-Biomass_Late_y22_width-height_sampling-1,b,48,2,ACRE-Biomass,Late,y22,width-height,sampling-1,40,45,7/19/2022,,,,
48_c_ACRE-Biomass_Late_y22_width-height_sampling-1,c,48,2,ACRE-Biomass,Late,y22,width-height,sampling-1,39,47,7/19/2022,,,,
48_d_ACRE-Biomass_Late_y22_width-height_sampling-1,d,48,2,ACRE-Biomass,Late,y22,width-height,sampling-1,49,57,7/19/2022,,,,
49_a_ACRE-Biomass_Late_y22_width-height_sampling-1,a,49,2,ACRE-Biomass,Late,y22,width-height,sampling-1,44,54,7/19/2022,,,,
49_b_ACRE-Biomass_Late_y22_width-height_sampling-1,b,49,2,ACRE-Biomass,Late,y22,width-height,sampling-1,36,51,7/19/2022,,,,
49_c_ACRE-Biomass_Late_y22_width-height_sampling-1,c,49,2,ACRE-Biomass,Late,y22,width-height,sampling-1,39.5,47,7/19/2022,,,,
49_d_ACRE-Biomass_Late_y22_width-height_sampling-1,d,49,2,ACRE-Biomass,Late,y22,width-height,sampling-1,39,55,7/19/2022,,,,
50_a_ACRE-Biomass_Late_y22_width-height_sampling-1,a,50,2,ACRE-Biomass,Late,y22,width-height,sampling-1,39.5,43,7/19/2022,,,,
50_b_ACRE-Biomass_Late_y22_width-height_sampling-1,b,50,2,ACRE-Biomass,Late,y22,width-height,sampling-1,37,46,7/19/2022,,,,
50_c_ACRE-Biomass_Late_y22_width-height_sampling-1,c,50,2,ACRE-Biomass,Late,y22,width-height,sampling-1,36,40,7/19/2022,,,,
50_d_ACRE-Biomass_Late_y22_width-height_sampling-1,d,50,2,ACRE-Biomass,Late,y22,width-height,sampling-1,43,46,7/19/2022,,,,
51_a_ACRE-Biomass_Late_y22_width-height_sampling-1,a,51,3,ACRE-Biomass,Late,y22,width-height,sampling-1,44,45,7/19/2022,,,,
51_b_ACRE-Biomass_Late_y22_width-height_sampling-1,b,51,3,ACRE-Biomass,Late,y22,width-height,sampling-1,40,47,7/19/2022,,,,
51_c_ACRE-Biomass_Late_y22_width-height_sampling-1,c,51,3,ACRE-Biomass,Late,y22,width-height,sampling-1,34,49,7/19/2022,,,,
51_d_ACRE-Biomass_Late_y22_width-height_sampling-1,d,51,3,ACRE-Biomass,Late,y22,width-height,sampling-1,38,51,7/19/2022,,,,
52_a_ACRE-Biomass_Late_y22_width-height_sampling-1,a,52,3,ACRE-Biomass,Late,y22,width-height,sampling-1,41,46,7/19/2022,,,,
52_b_ACRE-Biomass_Late_y22_width-height_sampling-1,b,52,3,ACRE-Biomass,Late,y22,width-height,sampling-1,41,50,7/19/2022,,,,
52_c_ACRE-Biomass_Late_y22_width-height_sampling-1,c,52,3,ACRE-Biomass,Late,y22,width-height,sampling-1,33,45,7/19/2022,,,,
52_d_ACRE-Biomass_Late_y22_width-height_sampling-1,d,52,3,ACRE-Biomass,Late,y22,width-height,sampling-1,33,51,7/19/2022,,,,
53_a_ACRE-Biomass_Late_y22_width-height_sampling-1,a,53,3,ACRE-Biomass,Late,y22,width-height,sampling-1,42,43,7/19/2022,,,,
53_b_ACRE-Biomass_Late_y22_width-height_sampling-1,b,53,3,ACRE-Biomass,Late,y22,width-height,sampling-1,56,35,7/19/2022,,,,
53_c_ACRE-Biomass_Late_y22_width-height_sampling-1,c,53,3,ACRE-Biomass,Late,y22,width-height,sampling-1,37,43,7/19/2022,,,,
53_d_ACRE-Biomass_Late_y22_width-height_sampling-1,d,53,3,ACRE-Biomass,Late,y22,width-height,sampling-1,40,41,7/19/2022,,,,
54_a_ACRE-Biomass_Late_y22_width-height_sampling-1,a,54,3,ACRE-Biomass,Late,y22,width-height,sampling-1,38.5,48,7/19/2022,,,,
54_b_ACRE-Biomass_Late_y22_width-height_sampling-1,b,54,3,ACRE-Biomass,Late,y22,width-height,sampling-1,30.5,53,7/19/2022,,,,
54_c_ACRE-Biomass_Late_y22_width-height_sampling-1,c,54,3,ACRE-Biomass,Late,y22,width-height,sampling-1,38,48,7/19/2022,,,,
54_d_ACRE-Biomass_Late_y22_width-height_sampling-1,d,54,3,ACRE-Biomass,Late,y22,width-height,sampling-1,28,42,7/19/2022,,,,
55_a_ACRE-Biomass_Late_y22_width-height_sampling-1,a,55,3,ACRE-Biomass,Late,y22,width-height,sampling-1,34,51,7/19/2022,,,,
55_b_ACRE-Biomass_Late_y22_width-height_sampling-1,b,55,3,ACRE-Biomass,Late,y22,width-height,sampling-1,42.5,45,7/19/2022,,,,
55_c_ACRE-Biomass_Late_y22_width-height_sampling-1,c,55,3,ACRE-Biomass,Late,y22,width-height,sampling-1,34,48,7/19/2022,,,,
55_d_ACRE-Biomass_Late_y22_width-height_sampling-1,d,55,3,ACRE-Biomass,Late,y22,width-height,sampling-1,39,46,7/19/2022,,,,
56_a_ACRE-Biomass_Late_y22_width-height_sampling-1,a,56,3,ACRE-Biomass,Late,y22,width-height,sampling-1,38,46,7/19/2022,,,,
56_b_ACRE-Biomass_Late_y22_width-height_sampling-1,b,56,3,ACRE-Biomass,Late,y22,width-height,sampling-1,34,45.5,7/19/2022,,,,
56_c_ACRE-Biomass_Late_y22_width-height_sampling-1,c,56,3,ACRE-Biomass,Late,y22,width-height,sampling-1,33,39,7/19/2022,,,,
56_d_ACRE-Biomass_Late_y22_width-height_sampling-1,d,56,3,ACRE-Biomass,Late,y22,width-height,sampling-1,36,44,7/19/2022,,,,
57_a_ACRE-Biomass_Late_y22_width-height_sampling-1,a,57,3,ACRE-Biomass,Late,y22,width-height,sampling-1,32,53,7/19/2022,,,,
57_b_ACRE-Biomass_Late_y22_width-height_sampling-1,b,57,3,ACRE-Biomass,Late,y22,width-height,sampling-1,34.5,45,7/19/2022,,,,
57_c_ACRE-Biomass_Late_y22_width-height_sampling-1,c,57,3,ACRE-Biomass,Late,y22,width-height,sampling-1,32.5,58,7/19/2022,,,,
57_d_ACRE-Biomass_Late_y22_width-height_sampling-1,d,57,3,ACRE-Biomass,Late,y22,width-height,sampling-1,32,52,7/19/2022,,,,
58_a_ACRE-Biomass_Late_y22_width-height_sampling-1,a,58,3,ACRE-Biomass,Late,y22,width-height,sampling-1,42,51,7/19/2022,,,,
58_b_ACRE-Biomass_Late_y22_width-height_sampling-1,b,58,3,ACRE-Biomass,Late,y22,width-height,sampling-1,37,46,7/19/2022,,,,
58_c_ACRE-Biomass_Late_y22_width-height_sampling-1,c,58,3,ACRE-Biomass,Late,y22,width-height,sampling-1,35,54,7/19/2022,,,,
58_d_ACRE-Biomass_Late_y22_width-height_sampling-1,d,58,3,ACRE-Biomass,Late,y22,width-height,sampling-1,29.5,45,7/19/2022,,,,
59_a_ACRE-Biomass_Late_y22_width-height_sampling-1,a,59,3,ACRE-Biomass,Late,y22,width-height,sampling-1,33,,7/19/2022,,,,
59_b_ACRE-Biomass_Late_y22_width-height_sampling-1,b,59,3,ACRE-Biomass,Late,y22,width-height,sampling-1,37,,7/19/2022,,,,
59_c_ACRE-Biomass_Late_y22_width-height_sampling-1,c,59,3,ACRE-Biomass,Late,y22,width-height,sampling-1,33,,7/19/2022,,,,
59_d_ACRE-Biomass_Late_y22_width-height_sampling-1,d,59,3,ACRE-Biomass,Late,y22,width-height,sampling-1,35,52,7/19/2022,,,,
60_a_ACRE-Biomass_Late_y22_width-height_sampling-1,a,60,3,ACRE-Biomass,Late,y22,width-height,sampling-1,,48,7/19/2022,,,,
60_b_ACRE-Biomass_Late_y22_width-height_sampling-1,b,60,3,ACRE-Biomass,Late,y22,width-height,sampling-1,,50,7/19/2022,,,,
60_c_ACRE-Biomass_Late_y22_width-height_sampling-1,c,60,3,ACRE-Biomass,Late,y22,width-height,sampling-1,,49,7/19/2022,,,,
60_d_ACRE-Biomass_Late_y22_width-height_sampling-1,d,60,3,ACRE-Biomass,Late,y22,width-height,sampling-1,44,,7/19/2022,,,,
61_a_ACRE-Biomass_Late_y22_width-height_sampling-1,a,61,3,ACRE-Biomass,Late,y22,width-height,sampling-1,39,42,7/19/2022,,,,
61_b_ACRE-Biomass_Late_y22_width-height_sampling-1,b,61,3,ACRE-Biomass,Late,y22,width-height,sampling-1,44,48,7/19/2022,,,,
61_c_ACRE-Biomass_Late_y22_width-height_sampling-1,c,61,3,ACRE-Biomass,Late,y22,width-height,sampling-1,30,53,7/19/2022,,,,
61_d_ACRE-Biomass_Late_y22_width-height_sampling-1,d,61,3,ACRE-Biomass,Late,y22,width-height,sampling-1,38,50,7/19/2022,,,,
62_a_ACRE-Biomass_Late_y22_width-height_sampling-1,a,62,3,ACRE-Biomass,Late,y22,width-height,sampling-1,33,50,7/19/2022,,,,
62_b_ACRE-Biomass_Late_y22_width-height_sampling-1,b,62,3,ACRE-Biomass,Late,y22,width-height,sampling-1,32,48,7/19/2022,,,,
62_c_ACRE-Biomass_Late_y22_width-height_sampling-1,c,62,3,ACRE-Biomass,Late,y22,width-height,sampling-1,35,49,7/19/2022,,,,
62_d_ACRE-Biomass_Late_y22_width-height_sampling-1,d,62,3,ACRE-Biomass,Late,y22,width-height,sampling-1,41,46,7/19/2022,,,,
63_a_ACRE-Biomass_Late_y22_width-height_sampling-1,a,63,3,ACRE-Biomass,Late,y22,width-height,sampling-1,42,48,7/19/2022,,,,
63_b_ACRE-Biomass_Late_y22_width-height_sampling-1,b,63,3,ACRE-Biomass,Late,y22,width-height,sampling-1,41,46,7/19/2022,,,,
63_c_ACRE-Biomass_Late_y22_width-height_sampling-1,c,63,3,ACRE-Biomass,Late,y22,width-height,sampling-1,41,43,7/19/2022,,,,
63_d_ACRE-Biomass_Late_y22_width-height_sampling-1,d,63,3,ACRE-Biomass,Late,y22,width-height,sampling-1,44,53,7/19/2022,,,,
64_a_ACRE-Biomass_Late_y22_width-height_sampling-1,a,64,3,ACRE-Biomass,Late,y22,width-height,sampling-1,34,45,7/19/2022,,,,
64_b_ACRE-Biomass_Late_y22_width-height_sampling-1,b,64,3,ACRE-Biomass,Late,y22,width-height,sampling-1,36,46,7/19/2022,,,,
64_c_ACRE-Biomass_Late_y22_width-height_sampling-1,c,64,3,ACRE-Biomass,Late,y22,width-height,sampling-1,36,53,7/19/2022,,,,
64_d_ACRE-Biomass_Late_y22_width-height_sampling-1,d,64,3,ACRE-Biomass,Late,y22,width-height,sampling-1,29,55,7/19/2022,,,,
65_a_ACRE-Biomass_Late_y22_width-height_sampling-1,a,65,3,ACRE-Biomass,Late,y22,width-height,sampling-1,34,44,7/19/2022,,,,
65_b_ACRE-Biomass_Late_y22_width-height_sampling-1,b,65,3,ACRE-Biomass,Late,y22,width-height,sampling-1,35,45,7/19/2022,,,,
65_c_ACRE-Biomass_Late_y22_width-height_sampling-1,c,65,3,ACRE-Biomass,Late,y22,width-height,sampling-1,32,54,7/19/2022,,,,
65_d_ACRE-Biomass_Late_y22_width-height_sampling-1,d,65,3,ACRE-Biomass,Late,y22,width-height,sampling-1,37,40,7/19/2022,,,,
66_a_ACRE-Biomass_Late_y22_width-height_sampling-1,a,66,3,ACRE-Biomass,Late,y22,width-height,sampling-1,42,49,7/19/2022,,,,
66_b_ACRE-Biomass_Late_y22_width-height_sampling-1,b,66,3,ACRE-Biomass,Late,y22,width-height,sampling-1,43,45,7/19/2022,,,,
66_c_ACRE-Biomass_Late_y22_width-height_sampling-1,c,66,3,ACRE-Biomass,Late,y22,width-height,sampling-1,28,49,7/19/2022,,,,
66_d_ACRE-Biomass_Late_y22_width-height_sampling-1,d,66,3,ACRE-Biomass,Late,y22,width-height,sampling-1,37,48,7/19/2022,,,,
67_a_ACRE-Biomass_Late_y22_width-height_sampling-1,a,67,3,ACRE-Biomass,Late,y22,width-height,sampling-1,34,51,7/19/2022,,,,
67_b_ACRE-Biomass_Late_y22_width-height_sampling-1,b,67,3,ACRE-Biomass,Late,y22,width-height,sampling-1,32,50,7/19/2022,,,,
67_c_ACRE-Biomass_Late_y22_width-height_sampling-1,c,67,3,ACRE-Biomass,Late,y22,width-height,sampling-1,39,46,7/19/2022,,,,
67_d_ACRE-Biomass_Late_y22_width-height_sampling-1,d,67,3,ACRE-Biomass,Late,y22,width-height,sampling-1,42,41,7/19/2022,,,,
68_a_ACRE-Biomass_Late_y22_width-height_sampling-1,a,68,3,ACRE-Biomass,Late,y22,width-height,sampling-1,38,50,7/19/2022,,,,
68_b_ACRE-Biomass_Late_y22_width-height_sampling-1,b,68,3,ACRE-Biomass,Late,y22,width-height,sampling-1,34,54,7/19/2022,,,,
68_c_ACRE-Biomass_Late_y22_width-height_sampling-1,c,68,3,ACRE-Biomass,Late,y22,width-height,sampling-1,42,57,7/19/2022,,,,
68_d_ACRE-Biomass_Late_y22_width-height_sampling-1,d,68,3,ACRE-Biomass,Late,y22,width-height,sampling-1,37,51,7/19/2022,,,,
69_a_ACRE-Biomass_Late_y22_width-height_sampling-1,a,69,3,ACRE-Biomass,Late,y22,width-height,sampling-1,39,51,7/19/2022,,,,
69_b_ACRE-Biomass_Late_y22_width-height_sampling-1,b,69,3,ACRE-Biomass,Late,y22,width-height,sampling-1,41,48,7/19/2022,,,,
69_c_ACRE-Biomass_Late_y22_width-height_sampling-1,c,69,3,ACRE-Biomass,Late,y22,width-height,sampling-1,45,52,7/19/2022,,,,
69_d_ACRE-Biomass_Late_y22_width-height_sampling-1,d,69,3,ACRE-Biomass,Late,y22,width-height,sampling-1,36,49,7/19/2022,,,,
70_a_ACRE-Biomass_Late_y22_width-height_sampling-1,a,70,3,ACRE-Biomass,Late,y22,width-height,sampling-1,28,41,7/19/2022,,,,
70_b_ACRE-Biomass_Late_y22_width-height_sampling-1,b,70,3,ACRE-Biomass,Late,y22,width-height,sampling-1,33,40,7/19/2022,,,,
70_c_ACRE-Biomass_Late_y22_width-height_sampling-1,c,70,3,ACRE-Biomass,Late,y22,width-height,sampling-1,31,50,7/19/2022,,,,
70_d_ACRE-Biomass_Late_y22_width-height_sampling-1,d,70,3,ACRE-Biomass,Late,y22,width-height,sampling-1,34,41,7/19/2022,,,,
71_a_ACRE-Biomass_Late_y22_width-height_sampling-1,a,71,3,ACRE-Biomass,Late,y22,width-height,sampling-1,34,48,7/19/2022,,,,
71_b_ACRE-Biomass_Late_y22_width-height_sampling-1,b,71,3,ACRE-Biomass,Late,y22,width-height,sampling-1,41,55,7/19/2022,,,,
71_c_ACRE-Biomass_Late_y22_width-height_sampling-1,c,71,3,ACRE-Biomass,Late,y22,width-height,sampling-1,44,52,7/19/2022,,,,
71_d_ACRE-Biomass_Late_y22_width-height_sampling-1,d,71,3,ACRE-Biomass,Late,y22,width-height,sampling-1,45,48,7/19/2022,,,,
72_a_ACRE-Biomass_Late_y22_width-height_sampling-1,a,72,3,ACRE-Biomass,Late,y22,width-height,sampling-1,38,46,7/19/2022,,,,
72_b_ACRE-Biomass_Late_y22_width-height_sampling-1,b,72,3,ACRE-Biomass,Late,y22,width-height,sampling-1,35,49,7/19/2022,,,,
72_c_ACRE-Biomass_Late_y22_width-height_sampling-1,c,72,3,ACRE-Biomass,Late,y22,width-height,sampling-1,33,44,7/19/2022,,,,
72_d_ACRE-Biomass_Late_y22_width-height_sampling-1,d,72,3,ACRE-Biomass,Late,y22,width-height,sampling-1,35,45,7/19/2022,,,,
73_a_ACRE-Biomass_Late_y22_width-height_sampling-1,a,73,3,ACRE-Biomass,Late,y22,width-height,sampling-1,42,50,7/19/2022,,,,
73_b_ACRE-Biomass_Late_y22_width-height_sampling-1,b,73,3,ACRE-Biomass,Late,y22,width-height,sampling-1,41,44,7/19/2022,,,,
73_c_ACRE-Biomass_Late_y22_width-height_sampling-1,c,73,3,ACRE-Biomass,Late,y22,width-height,sampling-1,44,56,7/19/2022,,,,
73_d_ACRE-Biomass_Late_y22_width-height_sampling-1,d,73,3,ACRE-Biomass,Late,y22,width-height,sampling-1,38,50,7/19/2022,,,,
74_a_ACRE-Biomass_Late_y22_width-height_sampling-1,a,74,3,ACRE-Biomass,Late,y22,width-height,sampling-1,42,46,7/19/2022,,,,
74_b_ACRE-Biomass_Late_y22_width-height_sampling-1,b,74,3,ACRE-Biomass,Late,y22,width-height,sampling-1,36,41,7/19/2022,,,,
74_c_ACRE-Biomass_Late_y22_width-height_sampling-1,c,74,3,ACRE-Biomass,Late,y22,width-height,sampling-1,37,47,7/19/2022,,,,
74_d_ACRE-Biomass_Late_y22_width-height_sampling-1,d,74,3,ACRE-Biomass,Late,y22,width-height,sampling-1,33,55,7/19/2022,,,,
75_a_ACRE-Biomass_Late_y22_width-height_sampling-1,a,75,3,ACRE-Biomass,Late,y22,width-height,sampling-1,40,46,7/19/2022,,,,
75_b_ACRE-Biomass_Late_y22_width-height_sampling-1,b,75,3,ACRE-Biomass,Late,y22,width-height,sampling-1,45,48,7/19/2022,,,,
75_c_ACRE-Biomass_Late_y22_width-height_sampling-1,c,75,3,ACRE-Biomass,Late,y22,width-height,sampling-1,42,47,7/19/2022,,,,
75_d_ACRE-Biomass_Late_y22_width-height_sampling-1,d,75,3,ACRE-Biomass,Late,y22,width-height,sampling-1,40,48,7/19/2022,,,,
76_a_ACRE-Biomass_Late_y22_width-height_sampling-1,a,76,4,ACRE-Biomass,Late,y22,width-height,sampling-1,40,42,7/19/2022,,,,
76_b_ACRE-Biomass_Late_y22_width-height_sampling-1,b,76,4,ACRE-Biomass,Late,y22,width-height,sampling-1,42,45,7/19/2022,,,,
76_c_ACRE-Biomass_Late_y22_width-height_sampling-1,c,76,4,ACRE-Biomass,Late,y22,width-height,sampling-1,38,45,7/19/2022,,,,
76_d_ACRE-Biomass_Late_y22_width-height_sampling-1,d,76,4,ACRE-Biomass,Late,y22,width-height,sampling-1,44,48,7/19/2022,,,,
77_a_ACRE-Biomass_Late_y22_width-height_sampling-1,a,77,4,ACRE-Biomass,Late,y22,width-height,sampling-1,49,46,7/19/2022,,,,
77_b_ACRE-Biomass_Late_y22_width-height_sampling-1,b,77,4,ACRE-Biomass,Late,y22,width-height,sampling-1,45,49,7/19/2022,,,,
77_c_ACRE-Biomass_Late_y22_width-height_sampling-1,c,77,4,ACRE-Biomass,Late,y22,width-height,sampling-1,43,49,7/19/2022,,,,
77_d_ACRE-Biomass_Late_y22_width-height_sampling-1,d,77,4,ACRE-Biomass,Late,y22,width-height,sampling-1,42,47,7/19/2022,,,,
78_a_ACRE-Biomass_Late_y22_width-height_sampling-1,a,78,4,ACRE-Biomass,Late,y22,width-height,sampling-1,48,53,7/19/2022,,,,
78_b_ACRE-Biomass_Late_y22_width-height_sampling-1,b,78,4,ACRE-Biomass,Late,y22,width-height,sampling-1,44,51,7/19/2022,,,,
78_c_ACRE-Biomass_Late_y22_width-height_sampling-1,c,78,4,ACRE-Biomass,Late,y22,width-height,sampling-1,38,54,7/19/2022,,,,
78_d_ACRE-Biomass_Late_y22_width-height_sampling-1,d,78,4,ACRE-Biomass,Late,y22,width-height,sampling-1,45,52,7/19/2022,,,,
79_a_ACRE-Biomass_Late_y22_width-height_sampling-1,a,79,4,ACRE-Biomass,Late,y22,width-height,sampling-1,35,44,7/19/2022,,,,
79_b_ACRE-Biomass_Late_y22_width-height_sampling-1,b,79,4,ACRE-Biomass,Late,y22,width-height,sampling-1,34,46,7/19/2022,,,,
79_c_ACRE-Biomass_Late_y22_width-height_sampling-1,c,79,4,ACRE-Biomass,Late,y22,width-height,sampling-1,38,48,7/19/2022,,,,
79_d_ACRE-Biomass_Late_y22_width-height_sampling-1,d,79,4,ACRE-Biomass,Late,y22,width-height,sampling-1,42,46,7/19/2022,,,,
80_a_ACRE-Biomass_Late_y22_width-height_sampling-1,a,80,4,ACRE-Biomass,Late,y22,width-height,sampling-1,35,54,7/19/2022,,,,
80_b_ACRE-Biomass_Late_y22_width-height_sampling-1,b,80,4,ACRE-Biomass,Late,y22,width-height,sampling-1,37,51,7/19/2022,,,,
80_c_ACRE-Biomass_Late_y22_width-height_sampling-1,c,80,4,ACRE-Biomass,Late,y22,width-height,sampling-1,43,56,7/19/2022,,,,
80_d_ACRE-Biomass_Late_y22_width-height_sampling-1,d,80,4,ACRE-Biomass,Late,y22,width-height,sampling-1,39,49,7/19/2022,,,,
81_a_ACRE-Biomass_Late_y22_width-height_sampling-1,a,81,4,ACRE-Biomass,Late,y22,width-height,sampling-1,41,48,7/19/2022,,,,
81_b_ACRE-Biomass_Late_y22_width-height_sampling-1,b,81,4,ACRE-Biomass,Late,y22,width-height,sampling-1,43,47,7/19/2022,,,,
81_c_ACRE-Biomass_Late_y22_width-height_sampling-1,c,81,4,ACRE-Biomass,Late,y22,width-height,sampling-1,32,48,7/19/2022,,,,
81_d_ACRE-Biomass_Late_y22_width-height_sampling-1,d,81,4,ACRE-Biomass,Late,y22,width-height,sampling-1,40,44,7/19/2022,,,,
82_a_ACRE-Biomass_Late_y22_width-height_sampling-1,a,82,4,ACRE-Biomass,Late,y22,width-height,sampling-1,35,47,7/19/2022,,,,
82_b_ACRE-Biomass_Late_y22_width-height_sampling-1,b,82,4,ACRE-Biomass,Late,y22,width-height,sampling-1,29,48,7/19/2022,,,,
82_c_ACRE-Biomass_Late_y22_width-height_sampling-1,c,82,4,ACRE-Biomass,Late,y22,width-height,sampling-1,38,47,7/19/2022,,,,
82_d_ACRE-Biomass_Late_y22_width-height_sampling-1,d,82,4,ACRE-Biomass,Late,y22,width-height,sampling-1,39,48,7/19/2022,,,,
83_a_ACRE-Biomass_Late_y22_width-height_sampling-1,a,83,4,ACRE-Biomass,Late,y22,width-height,sampling-1,45,54,7/19/2022,,,,
83_b_ACRE-Biomass_Late_y22_width-height_sampling-1,b,83,4,ACRE-Biomass,Late,y22,width-height,sampling-1,40,57,7/19/2022,,,,
83_c_ACRE-Biomass_Late_y22_width-height_sampling-1,c,83,4,ACRE-Biomass,Late,y22,width-height,sampling-1,43,53,7/19/2022,,,,
83_d_ACRE-Biomass_Late_y22_width-height_sampling-1,d,83,4,ACRE-Biomass,Late,y22,width-height,sampling-1,43,56,7/19/2022,,,,
84_a_ACRE-Biomass_Late_y22_width-height_sampling-1,a,84,4,ACRE-Biomass,Late,y22,width-height,sampling-1,33,41,7/19/2022,,,,
84_b_ACRE-Biomass_Late_y22_width-height_sampling-1,b,84,4,ACRE-Biomass,Late,y22,width-height,sampling-1,37,47,7/19/2022,,,,
84_c_ACRE-Biomass_Late_y22_width-height_sampling-1,c,84,4,ACRE-Biomass,Late,y22,width-height,sampling-1,31,45,7/19/2022,,,,
84_d_ACRE-Biomass_Late_y22_width-height_sampling-1,d,84,4,ACRE-Biomass,Late,y22,width-height,sampling-1,39,52,7/19/2022,,,,
85_a_ACRE-Biomass_Late_y22_width-height_sampling-1,a,85,4,ACRE-Biomass,Late,y22,width-height,sampling-1,31,40,7/19/2022,,,,
85_b_ACRE-Biomass_Late_y22_width-height_sampling-1,b,85,4,ACRE-Biomass,Late,y22,width-height,sampling-1,40,41,7/19/2022,,,,
85_c_ACRE-Biomass_Late_y22_width-height_sampling-1,c,85,4,ACRE-Biomass,Late,y22,width-height,sampling-1,32,53,7/19/2022,,,,
85_d_ACRE-Biomass_Late_y22_width-height_sampling-1,d,85,4,ACRE-Biomass,Late,y22,width-height,sampling-1,28,44,7/19/2022,,,,
86_a_ACRE-Biomass_Late_y22_width-height_sampling-1,a,86,4,ACRE-Biomass,Late,y22,width-height,sampling-1,40,40,7/19/2022,,,,
86_b_ACRE-Biomass_Late_y22_width-height_sampling-1,b,86,4,ACRE-Biomass,Late,y22,width-height,sampling-1,33,47,7/19/2022,,,,
86_c_ACRE-Biomass_Late_y22_width-height_sampling-1,c,86,4,ACRE-Biomass,Late,y22,width-height,sampling-1,41,45,7/19/2022,,,,
86_d_ACRE-Biomass_Late_y22_width-height_sampling-1,d,86,4,ACRE-Biomass,Late,y22,width-height,sampling-1,39,53,7/19/2022,,,,
87_a_ACRE-Biomass_Late_y22_width-height_sampling-1,a,87,4,ACRE-Biomass,Late,y22,width-height,sampling-1,34,47,7/19/2022,,/storage/emulated/0/plot_data/width-height_1_ACRE-Biomass_Late_y22/photos/87_a_ACRE-Biomass_Late_y22_width-height_sampling-1_picture_Experiment_1_2022-07-19-10-30-00.jpg,,
87_b_ACRE-Biomass_Late_y22_width-height_sampling-1,b,87,4,ACRE-Biomass,Late,y22,width-height,sampling-1,37,52,7/19/2022,,,,
87_c_ACRE-Biomass_Late_y22_width-height_sampling-1,c,87,4,ACRE-Biomass,Late,y22,width-height,sampling-1,34,51,7/19/2022,,,,
87_d_ACRE-Biomass_Late_y22_width-height_sampling-1,d,87,4,ACRE-Biomass,Late,y22,width-height,sampling-1,33,50,7/19/2022,,,,
88_a_ACRE-Biomass_Late_y22_width-height_sampling-1,a,88,4,ACRE-Biomass,Late,y22,width-height,sampling-1,36,43,7/19/2022,,,,
88_b_ACRE-Biomass_Late_y22_width-height_sampling-1,b,88,4,ACRE-Biomass,Late,y22,width-height,sampling-1,43,40,7/19/2022,,,,
88_c_ACRE-Biomass_Late_y22_width-height_sampling-1,c,88,4,ACRE-Biomass,Late,y22,width-height,sampling-1,35,42,7/19/2022,,,,
88_d_ACRE-Biomass_Late_y22_width-height_sampling-1,d,88,4,ACRE-Biomass,Late,y22,width-height,sampling-1,35,50,7/19/2022,,,,
89_a_ACRE-Biomass_Late_y22_width-height_sampling-1,a,89,4,ACRE-Biomass,Late,y22,width-height,sampling-1,33,47,7/19/2022,,,,
89_b_ACRE-Biomass_Late_y22_width-height_sampling-1,b,89,4,ACRE-Biomass,Late,y22,width-height,sampling-1,34,49,7/19/2022,,,,
89_c_ACRE-Biomass_Late_y22_width-height_sampling-1,c,89,4,ACRE-Biomass,Late,y22,width-height,sampling-1,33,46,7/19/2022,,,,
89_d_ACRE-Biomass_Late_y22_width-height_sampling-1,d,89,4,ACRE-Biomass,Late,y22,width-height,sampling-1,39,48,7/19/2022,,,,
90_a_ACRE-Biomass_Late_y22_width-height_sampling-1,a,90,4,ACRE-Biomass,Late,y22,width-height,sampling-1,41,43,7/19/2022,,,,
90_b_ACRE-Biomass_Late_y22_width-height_sampling-1,b,90,4,ACRE-Biomass,Late,y22,width-height,sampling-1,35,47,7/19/2022,,,,
90_c_ACRE-Biomass_Late_y22_width-height_sampling-1,c,90,4,ACRE-Biomass,Late,y22,width-height,sampling-1,40,45,7/19/2022,,,,
90_d_ACRE-Biomass_Late_y22_width-height_sampling-1,d,90,4,ACRE-Biomass,Late,y22,width-height,sampling-1,31,43,7/19/2022,,,,
91_a_ACRE-Biomass_Late_y22_width-height_sampling-1,a,91,4,ACRE-Biomass,Late,y22,width-height,sampling-1,32,53,7/19/2022,,,,
91_b_ACRE-Biomass_Late_y22_width-height_sampling-1,b,91,4,ACRE-Biomass,Late,y22,width-height,sampling-1,30,51,7/19/2022,,,,
91_c_ACRE-Biomass_Late_y22_width-height_sampling-1,c,91,4,ACRE-Biomass,Late,y22,width-height,sampling-1,42,52,7/19/2022,,,,
91_d_ACRE-Biomass_Late_y22_width-height_sampling-1,d,91,4,ACRE-Biomass,Late,y22,width-height,sampling-1,37,40,7/19/2022,,,,
92_a_ACRE-Biomass_Late_y22_width-height_sampling-1,a,92,4,ACRE-Biomass,Late,y22,width-height,sampling-1,35,44,7/19/2022,,,,
92_b_ACRE-Biomass_Late_y22_width-height_sampling-1,b,92,4,ACRE-Biomass,Late,y22,width-height,sampling-1,31,47,7/19/2022,,,,
92_c_ACRE-Biomass_Late_y22_width-height_sampling-1,c,92,4,ACRE-Biomass,Late,y22,width-height,sampling-1,41,44,7/19/2022,,,,
92_d_ACRE-Biomass_Late_y22_width-height_sampling-1,d,92,4,ACRE-Biomass,Late,y22,width-height,sampling-1,39,44,7/19/2022,,,,
93_a_ACRE-Biomass_Late_y22_width-height_sampling-1,a,93,4,ACRE-Biomass,Late,y22,width-height,sampling-1,32,41,7/19/2022,,,,
93_b_ACRE-Biomass_Late_y22_width-height_sampling-1,b,93,4,ACRE-Biomass,Late,y22,width-height,sampling-1,38,39,7/19/2022,,,,
93_c_ACRE-Biomass_Late_y22_width-height_sampling-1,c,93,4,ACRE-Biomass,Late,y22,width-height,sampling-1,29,41,7/19/2022,,,,
93_d_ACRE-Biomass_Late_y22_width-height_sampling-1,d,93,4,ACRE-Biomass,Late,y22,width-height,sampling-1,37,38,7/19/2022,,,,
94_a_ACRE-Biomass_Late_y22_width-height_sampling-1,a,94,4,ACRE-Biomass,Late,y22,width-height,sampling-1,32,37,7/19/2022,,,,
94_b_ACRE-Biomass_Late_y22_width-height_sampling-1,b,94,4,ACRE-Biomass,Late,y22,width-height,sampling-1,35,38,7/19/2022,,,,
94_c_ACRE-Biomass_Late_y22_width-height_sampling-1,c,94,4,ACRE-Biomass,Late,y22,width-height,sampling-1,37,41,7/19/2022,,,,
94_d_ACRE-Biomass_Late_y22_width-height_sampling-1,d,94,4,ACRE-Biomass,Late,y22,width-height,sampling-1,34,40,7/19/2022,,,,
95_a_ACRE-Biomass_Late_y22_width-height_sampling-1,a,95,4,ACRE-Biomass,Late,y22,width-height,sampling-1,40,46,7/19/2022,,,,
95_b_ACRE-Biomass_Late_y22_width-height_sampling-1,b,95,4,ACRE-Biomass,Late,y22,width-height,sampling-1,39,41,7/19/2022,,,,
95_c_ACRE-Biomass_Late_y22_width-height_sampling-1,c,95,4,ACRE-Biomass,Late,y22,width-height,sampling-1,42,46,7/19/2022,,,,
95_d_ACRE-Biomass_Late_y22_width-height_sampling-1,d,95,4,ACRE-Biomass,Late,y22,width-height,sampling-1,41,32,7/19/2022,,,,
96_a_ACRE-Biomass_Late_y22_width-height_sampling-1,a,96,4,ACRE-Biomass,Late,y22,width-height,sampling-1,35,31,7/19/2022,,,,
96_b_ACRE-Biomass_Late_y22_width-height_sampling-1,b,96,4,ACRE-Biomass,Late,y22,width-height,sampling-1,37,40,7/19/2022,,,,
96_c_ACRE-Biomass_Late_y22_width-height_sampling-1,c,96,4,ACRE-Biomass,Late,y22,width-height,sampling-1,40,42,7/19/2022,,,,
96_d_ACRE-Biomass_Late_y22_width-height_sampling-1,d,96,4,ACRE-Biomass,Late,y22,width-height,sampling-1,42,38,7/19/2022,,,,
97_a_ACRE-Biomass_Late_y22_width-height_sampling-1,a,97,4,ACRE-Biomass,Late,y22,width-height,sampling-1,39,44,7/19/2022,,,,
97_b_ACRE-Biomass_Late_y22_width-height_sampling-1,b,97,4,ACRE-Biomass,Late,y22,width-height,sampling-1,40,53,7/19/2022,,,,
97_c_ACRE-Biomass_Late_y22_width-height_sampling-1,c,97,4,ACRE-Biomass,Late,y22,width-height,sampling-1,44,52,7/19/2022,,,,
97_d_ACRE-Biomass_Late_y22_width-height_sampling-1,d,97,4,ACRE-Biomass,Late,y22,width-height,sampling-1,39,51,7/19/2022,,,,
98_a_ACRE-Biomass_Late_y22_width-height_sampling-1,a,98,4,ACRE-Biomass,Late,y22,width-height,sampling-1,38,39,7/19/2022,,,,
98_b_ACRE-Biomass_Late_y22_width-height_sampling-1,b,98,4,ACRE-Biomass,Late,y22,width-height,sampling-1,38,43,7/19/2022,,,,
98_c_ACRE-Biomass_Late_y22_width-height_sampling-1,c,98,4,ACRE-Biomass,Late,y22,width-height,sampling-1,37,48,7/19/2022,,,,
98_d_ACRE-Biomass_Late_y22_width-height_sampling-1,d,98,4,ACRE-Biomass,Late,y22,width-height,sampling-1,35,44,7/19/2022,,,,
99_a_ACRE-Biomass_Late_y22_width-height_sampling-1,a,99,4,ACRE-Biomass,Late,y22,width-height,sampling-1,30,42,7/19/2022,,,,
99_b_ACRE-Biomass_Late_y22_width-height_sampling-1,b,99,4,ACRE-Biomass,Late,y22,width-height,sampling-1,42,49,7/19/2022,,,,
99_c_ACRE-Biomass_Late_y22_width-height_sampling-1,c,99,4,ACRE-Biomass,Late,y22,width-height,sampling-1,44,53,7/19/2022,,,,
99_d_ACRE-Biomass_Late_y22_width-height_sampling-1,d,99,4,ACRE-Biomass,Late,y22,width-height,sampling-1,39,42,7/19/2022,,,,
100_a_ACRE-Biomass_Late_y22_width-height_sampling-1,a,100,4,ACRE-Biomass,Late,y22,width-height,sampling-1,37,33,7/19/2022,,,,
100_b_ACRE-Biomass_Late_y22_width-height_sampling-1,b,100,4,ACRE-Biomass,Late,y22,width-height,sampling-1,39,39,7/19/2022,,,,
100_c_ACRE-Biomass_Late_y22_width-height_sampling-1,c,100,4,ACRE-Biomass,Late,y22,width-height,sampling-1,43,37,7/19/2022,,,,
100_d_ACRE-Biomass_Late_y22_width-height_sampling-1,d,100,4,ACRE-Biomass,Late,y22,width-height,sampling-1,37,44,7/19/2022,,,,
